set,id,pillar,country,lang,image,headline,text
global,01,Launch,,en,img/en/01.png,USDT in. Compute out.,"AIST P2P is live.

One book: BTC, USDT on five networks, KGST, ETH, SOL — and fiat. Bank transfer, card, mobile wallet, cash.

Escrow on every trade. No SWIFT, no listing queue.

assetux.com"
global,01,Launch,,es,img/es/01.png,USDT entra. Cómputo sale.,"AIST P2P ya está en vivo.

Un solo libro: BTC, USDT en cinco redes, KGST, ETH, SOL — y fiat. Transferencia bancaria, tarjeta, billetera móvil, efectivo.

Escrow en cada operación. Sin SWIFT.

assetux.com"
global,01,Launch,,pt,img/pt/01.png,USDT entra. Computação sai.,"O AIST P2P está no ar.

Um único livro: BTC, USDT em cinco redes, KGST, ETH, SOL — e fiat. Transferência bancária, cartão, carteira móvel, dinheiro.

Escrow em toda operação. Sem SWIFT.

assetux.com"
global,01,Launch,,ar,img/ar/01.png,‏USDT يدخل. حوسبة تخرج.,"منصة AIST P2P أصبحت متاحة.

دفتر واحد: BTC وUSDT على خمس شبكات وKGST وETH وSOL — والعملات الورقية. حوالة بنكية، بطاقة، محفظة موبايل، نقداً.

ضمان في كل صفقة. بدون SWIFT.

assetux.com"
global,01,Launch,,fa,img/fa/01.png,‏USDT وارد. محاسبات خارج.,"‏AIST P2P راه‌اندازی شد.

یک دفتر واحد: BTC، USDT روی پنج شبکه، KGST، ETH، SOL — و فیات. حواله بانکی، کارت، کیف پول موبایل، نقدی.

امانی روی هر معامله. بدون SWIFT.

assetux.com"
global,01,Launch,,ur,img/ur/01.png,‏USDT اندر۔ کمپیوٹ باہر۔,"‏AIST P2P اب لائیو ہے۔

ایک ہی بُک: BTC، پانچ نیٹ ورکس پر USDT، KGST، ETH، SOL — اور فیاٹ۔ بینک ٹرانسفر، کارڈ، موبائل والٹ، نقد۔

ہر ٹریڈ پر ایسکرو۔ SWIFT کے بغیر۔

assetux.com"
global,01,Launch,,bn,img/bn/01.png,USDT ঢোকে। কম্পিউট বেরোয়।,"AIST P2P এখন লাইভ।

একটাই বুক: BTC, পাঁচটি নেটওয়ার্কে USDT, KGST, ETH, SOL — আর ফিয়াট। ব্যাংক ট্রান্সফার, কার্ড, মোবাইল ওয়ালেট, নগদ।

প্রতি ট্রেডে এসক্রো। SWIFT ছাড়াই।

assetux.com"
global,02,Launch,,en,img/en/02.png,8 ways to trade the spread,"We wrote the guide we wanted when we started.

8 P2P strategies, each with the steps, a worked example in real numbers, and the risk that actually costs money.

assetux.com/strategies"
global,02,Launch,,es,img/es/02.png,8 formas de ganar el spread,"Escribimos la guía que nos hubiera servido al empezar.

8 estrategias P2P, cada una con los pasos, un ejemplo resuelto en números reales y el riesgo que de verdad cuesta dinero.

assetux.com/strategies"
global,02,Launch,,pt,img/pt/02.png,8 formas de ganhar o spread,"Escrevemos o guia que queríamos ter quando começamos.

8 estratégias P2P, cada uma com os passos, um exemplo resolvido em números reais e o risco que realmente custa dinheiro.

assetux.com/strategies"
global,02,Launch,,ar,img/ar/02.png,٨ طرق لربح الفارق السعري,"كتبنا الدليل الذي تمنيناه عندما بدأنا.

٨ استراتيجيات P2P، كل واحدة بخطواتها ومثال محلول بأرقام حقيقية والمخاطرة التي تكلّف مالاً فعلاً.

assetux.com/strategies"
global,02,Launch,,fa,img/fa/02.png,۸ راه برای کسب اسپرد,"راهنمایی را نوشتیم که آرزو داشتیم موقع شروع داشته باشیم.

۸ استراتژی P2P، هرکدام با گام‌ها، یک مثال حل‌شده با اعداد واقعی، و ریسکی که واقعاً پول می‌برد.

assetux.com/strategies"
global,02,Launch,,ur,img/ur/02.png,سپریڈ کمانے کے ۸ طریقے,"وہ گائیڈ لکھی جو شروع میں ہمیں خود درکار تھی۔

۸ P2P حکمتِ عملیاں، ہر ایک کے ساتھ مراحل، اصل اعداد میں حل شدہ مثال، اور وہ خطرہ جو واقعی پیسے لے جاتا ہے۔

assetux.com/strategies"
global,02,Launch,,bn,img/bn/02.png,স্প্রেড কামানোর ৮টি উপায়,"শুরুর সময় যে গাইডটা চেয়েছিলাম, সেটাই লিখলাম।

৮টি P2P কৌশল, প্রতিটিতে ধাপ, বাস্তব সংখ্যায় সমাধান করা উদাহরণ, আর যে ঝুঁকিটা আসলেই টাকা নিয়ে যায়।

assetux.com/strategies"
global,03,Launch,,en,img/en/03.png,Withdraw your compute earnings,"Your GPU takes AI jobs and gets paid in compute coins.

This is where those coins turn into something your bank, your wallet or your landlord accepts.

assetux.com"
global,03,Launch,,es,img/es/03.png,Retira lo que ganas con tu GPU,"Tu GPU procesa trabajos de IA y cobra en compute coins.

Aquí es donde esas monedas se convierten en algo que tu banco, tu billetera o tu casero aceptan.

assetux.com"
global,03,Launch,,pt,img/pt/03.png,Saque o que sua GPU rende,"Sua GPU processa tarefas de IA e recebe em compute coins.

É aqui que essas moedas viram algo que seu banco, sua carteira ou seu locador aceitam.

assetux.com"
global,03,Launch,,ar,img/ar/03.png,اسحب أرباح كرت الشاشة,"كرت الشاشة لديك ينفّذ مهام ذكاء اصطناعي ويُدفع له بعملات الحوسبة.

هنا تتحول تلك العملات إلى شيء يقبله بنكك أو محفظتك أو صاحب البيت.

assetux.com"
global,03,Launch,,fa,img/fa/03.png,درآمد کارت گرافیکت را بردار,"کارت گرافیک شما کارهای هوش مصنوعی را انجام می‌دهد و با کامپیوت‌کوین پول می‌گیرد.

اینجا همان جایی است که آن کوین‌ها به چیزی تبدیل می‌شوند که بانک یا صاحبخانه‌تان قبول دارد.

assetux.com"
global,03,Launch,,ur,img/ur/03.png,اپنے GPU کی کمائی نکالیں,"آپ کا GPU اے آئی کے کام کرتا ہے اور کمپیوٹ کوائنز میں معاوضہ لیتا ہے۔

یہیں وہ کوائنز اُس چیز میں بدلتے ہیں جو آپ کا بینک، والٹ یا مالک مکان قبول کرتا ہے۔

assetux.com"
global,03,Launch,,bn,img/bn/03.png,আপনার GPU-র আয় তুলে নিন,"আপনার GPU এআই কাজ করে আর কম্পিউট কয়েনে পেমেন্ট পায়।

এখানেই সেই কয়েন এমন কিছুতে বদলায় যা আপনার ব্যাংক, ওয়ালেট বা বাড়িওয়ালা নেয়।

assetux.com"
global,04,Strategy,,en,img/en/04.png,Simple spread arbitrage,"The same pair, the same minute, two makers who disagree on price.

On a thin P2P book the best ask and best bid cross more often than they should — makers leave quotes up and walk away.

assetux.com/strategies#spread"
global,04,Strategy,,es,img/es/04.png,Arbitraje de spread simple,"El mismo par, el mismo minuto, dos makers que no coinciden en el precio.

En un libro P2P delgado el mejor ask y el mejor bid se cruzan más de lo que deberían: el maker deja la orden puesta y se va.

assetux.com/strategies#spread"
global,04,Strategy,,pt,img/pt/04.png,Arbitragem de spread simples,"O mesmo par, o mesmo minuto, dois makers que discordam no preço.

Num livro P2P raso o melhor ask e o melhor bid se cruzam mais do que deveriam: o maker deixa a ordem e vai embora.

assetux.com/strategies#spread"
global,04,Strategy,,ar,img/ar/04.png,مراجحة الفارق البسيط,"نفس الزوج، نفس الدقيقة، صانعان لا يتفقان على السعر.

في دفتر P2P ضحل يتقاطع أفضل عرض بيع مع أفضل عرض شراء أكثر مما ينبغي: الصانع يترك أمره ويمضي.

assetux.com/strategies#spread"
global,04,Strategy,,fa,img/fa/04.png,آربیتراژ ساده اسپرد,"همان جفت، همان دقیقه، دو میکر که سر قیمت توافق ندارند.

در دفتر کم‌عمق P2P بهترین فروش و بهترین خرید بیشتر از حد انتظار همدیگر را قطع می‌کنند: میکر سفارش را می‌گذارد و می‌رود.

assetux.com/strategies#spread"
global,04,Strategy,,ur,img/ur/04.png,سادہ سپریڈ آربیٹراج,"ایک ہی جوڑا، ایک ہی منٹ، اور دو میکر جو قیمت پر متفق نہیں۔

پتلی P2P بُک میں بہترین ask اور bid توقع سے زیادہ کراس ہوتے ہیں: میکر آرڈر لگا کر چلا جاتا ہے۔

assetux.com/strategies#spread"
global,04,Strategy,,bn,img/bn/04.png,সরল স্প্রেড আরবিট্রাজ,"একই পেয়ার, একই মিনিট, দুই মেকার যারা দামে একমত নয়।

পাতলা P2P বুকে সেরা ask আর সেরা bid যতটা হওয়ার কথা তার চেয়ে বেশি ক্রস করে: মেকার অর্ডার রেখে চলে যায়।

assetux.com/strategies#spread"
global,05,Strategy,,en,img/en/05.png,Payment method arbitrage,"The same USDT is worth different money depending on how the money moves.

Cash is cheap to buy with. Instant bank transfer is expensive. The gap between them is the trade.

assetux.com/strategies#payment"
global,05,Strategy,,es,img/es/05.png,Arbitraje de método de pago,"El mismo USDT vale distinto según cómo se mueve el dinero.

Comprar con efectivo sale barato. La transferencia instantánea sale cara. La diferencia entre las dos es la operación.

assetux.com/strategies#payment"
global,05,Strategy,,pt,img/pt/05.png,Arbitragem de método de pagamento,"O mesmo USDT vale valores diferentes conforme o dinheiro se move.

Comprar em dinheiro sai barato. Transferência instantânea sai caro. A diferença entre os dois é a operação.

assetux.com/strategies#payment"
global,05,Strategy,,ar,img/ar/05.png,مراجحة طرق الدفع,"نفس الـUSDT تختلف قيمته حسب طريقة تحرك المال.

الشراء نقداً رخيص. الحوالة الفورية غالية. الفرق بينهما هو الصفقة.

assetux.com/strategies#payment"
global,05,Strategy,,fa,img/fa/05.png,آربیتراژ روش پرداخت,"همان USDT بسته به نحوه حرکت پول ارزش متفاوتی دارد.

خرید نقدی ارزان است. حواله فوری گران است. فاصله بین این دو همان معامله است.

assetux.com/strategies#payment"
global,05,Strategy,,ur,img/ur/05.png,ادائیگی کے طریقے کا فرق,"وہی USDT اِس بات پر مختلف قیمت رکھتا ہے کہ پیسہ کیسے حرکت کرتا ہے۔

نقد سے خریدنا سستا ہے۔ فوری بینک ٹرانسفر مہنگی ہے۔ دونوں کا فرق ہی ٹریڈ ہے۔

assetux.com/strategies#payment"
global,05,Strategy,,bn,img/bn/05.png,পেমেন্ট মেথড আরবিট্রাজ,"একই USDT-র দাম বদলায় টাকা কীভাবে নড়ে তার উপর।

নগদে কেনা সস্তা। ইনস্ট্যান্ট ব্যাংক ট্রান্সফার দামি। এই দুইয়ের ফারাকটাই ট্রেড।

assetux.com/strategies#payment"
global,06,Strategy,,en,img/en/06.png,Cross-exchange arbitrage,"KGST trades on Binance and on our book at the same time.

Two venues, two order books, one asset — and no rule that says they must agree.

Hold balance on both. Chasing the gap means arriving after it closes.

assetux.com/strategies#cross"
global,06,Strategy,,es,img/es/06.png,Arbitraje entre exchanges,"KGST cotiza en Binance y en nuestro libro al mismo tiempo.

Dos plazas, dos libros, un activo — y ninguna regla que los obligue a coincidir.

Ten saldo en ambas: perseguir el hueco es llegar tarde.

assetux.com/strategies#cross"
global,06,Strategy,,pt,img/pt/06.png,Arbitragem entre exchanges,"KGST negocia na Binance e no nosso livro ao mesmo tempo.

Duas praças, dois livros, um ativo — e nenhuma regra dizendo que precisam concordar.

Mantenha saldo nas duas: correr atrás do gap é chegar tarde.

assetux.com/strategies#cross"
global,06,Strategy,,ar,img/ar/06.png,المراجحة بين المنصات,"‏KGST يُتداول على Binance وعلى دفترنا في نفس الوقت.

منصتان، دفتران، أصل واحد — ولا قاعدة تُلزمهما بالاتفاق.

احتفظ برصيد على الاثنين: مطاردة الفجوة تعني الوصول متأخراً.

assetux.com/strategies#cross"
global,06,Strategy,,fa,img/fa/06.png,آربیتراژ بین صرافی‌ها,"‏KGST همزمان در بایننس و در دفتر ما معامله می‌شود.

دو بازار، دو دفتر، یک دارایی — و هیچ قانونی که آن‌ها را به توافق مجبور کند.

روی هر دو موجودی نگه دارید: دنبال شکاف دویدن یعنی دیر رسیدن.

assetux.com/strategies#cross"
global,06,Strategy,,ur,img/ur/06.png,ایکسچینجز کے درمیان آربیٹراج,"‏KGST بائنانس اور ہماری بُک، دونوں پر ایک ساتھ ٹریڈ ہوتا ہے۔

دو منڈیاں، دو بُکس، ایک اثاثہ — اور کوئی اصول نہیں کہ دونوں کی قیمت ملے۔

دونوں پر بیلنس رکھیں: فرق کے پیچھے بھاگنا یعنی دیر سے پہنچنا۔

assetux.com/strategies#cross"
global,06,Strategy,,bn,img/bn/06.png,ক্রস-এক্সচেঞ্জ আরবিট্রাজ,"KGST একই সময়ে Binance আর আমাদের বুক—দুই জায়গাতেই ট্রেড হয়।

দুই বাজার, দুই বুক, এক অ্যাসেট — আর মিলতেই হবে এমন কোনো নিয়ম নেই।

দুই জায়গাতেই ব্যালান্স রাখুন: গ্যাপের পিছে ছোটা মানে দেরিতে পৌঁছানো।

assetux.com/strategies#cross"
global,07,Strategy,,en,img/en/07.png,Geographic arbitrage,"Stablecoins cost more where the local currency is under pressure.

Bishkek, Tbilisi and Addis do not price USDT the same way on the same Tuesday.

assetux.com/strategies#geo"
global,07,Strategy,,es,img/es/07.png,Arbitraje geográfico,"Las stablecoins cuestan más donde la moneda local está bajo presión.

Bishkek, Tiflis y Adís Abeba no le ponen el mismo precio al USDT el mismo martes.

assetux.com/strategies#geo"
global,07,Strategy,,pt,img/pt/07.png,Arbitragem geográfica,"Stablecoins custam mais onde a moeda local está sob pressão.

Bishkek, Tbilisi e Adis Abeba não precificam o USDT do mesmo jeito na mesma terça-feira.

assetux.com/strategies#geo"
global,07,Strategy,,ar,img/ar/07.png,المراجحة الجغرافية,"العملات المستقرة أغلى حيث تكون العملة المحلية تحت ضغط.

بيشكيك وتبليسي وأديس أبابا لا تسعّر الـUSDT بنفس الطريقة في نفس الثلاثاء.

assetux.com/strategies#geo"
global,07,Strategy,,fa,img/fa/07.png,آربیتراژ جغرافیایی,"استیبل‌کوین‌ها هرجا پول ملی تحت فشار است گران‌ترند.

بیشکک، تفلیس و آدیس‌آبابا در یک سه‌شنبه واحد USDT را یکسان قیمت نمی‌گذارند.

assetux.com/strategies#geo"
global,07,Strategy,,ur,img/ur/07.png,جغرافیائی آربیٹراج,"جہاں مقامی کرنسی دباؤ میں ہو، وہاں سٹیبل کوائن مہنگا ہوتا ہے۔

بشکیک، تبلیسی اور عدیس ابابا ایک ہی منگل کو USDT کی قیمت ایک جیسی نہیں لگاتے۔

assetux.com/strategies#geo"
global,07,Strategy,,bn,img/bn/07.png,ভৌগোলিক আরবিট্রাজ,"যেখানে স্থানীয় মুদ্রা চাপে, সেখানে স্টেবলকয়েন দামি।

বিশকেক, তিবিলিসি আর আদ্দিস আবাবা একই মঙ্গলবারে USDT-র দাম এক রকম দেয় না।

assetux.com/strategies#geo"
global,08,Strategy,,en,img/en/08.png,P2P market making,"Stop hunting for a spread and quote one instead.

You post both sides, wait, and get paid by whoever is in a hurry. You are not calling direction — you are selling immediacy.

assetux.com/strategies#mm"
global,08,Strategy,,es,img/es/08.png,Market making en P2P,"Deja de buscar el spread y cotízalo tú.

Pones las dos puntas, esperas, y te paga quien tiene prisa. No estás apostando dirección: estás vendiendo inmediatez.

assetux.com/strategies#mm"
global,08,Strategy,,pt,img/pt/08.png,Market making no P2P,"Pare de caçar o spread e cote você mesmo.

Você coloca as duas pontas, espera, e quem está com pressa te paga. Você não está apostando direção: está vendendo imediatismo.

assetux.com/strategies#mm"
global,08,Strategy,,ar,img/ar/08.png,صناعة السوق في P2P,"توقّف عن مطاردة الفارق وسعّره أنت.

تضع الجانبين، تنتظر، ويدفع لك من هو في عجلة. أنت لا تراهن على الاتجاه — أنت تبيع الفورية.

assetux.com/strategies#mm"
global,08,Strategy,,fa,img/fa/08.png,بازارگردانی در P2P,"شکار اسپرد را کنار بگذارید و خودتان قیمت بدهید.

هر دو سمت را می‌گذارید، صبر می‌کنید، و هرکس عجله دارد به شما پول می‌دهد. شما جهت را حدس نمی‌زنید — فوریت می‌فروشید.

assetux.com/strategies#mm"
global,08,Strategy,,ur,img/ur/08.png,‏P2P مارکیٹ میکنگ,"سپریڈ ڈھونڈنا چھوڑیں اور خود قیمت لگائیں۔

آپ دونوں طرف آرڈر رکھتے ہیں، انتظار کرتے ہیں، اور جسے جلدی ہے وہ آپ کو ادا کرتا ہے۔ آپ سمت کا اندازہ نہیں لگا رہے — آپ فوری دستیابی بیچ رہے ہیں۔

assetux.com/strategies#mm"
global,08,Strategy,,bn,img/bn/08.png,P2P মার্কেট মেকিং,"স্প্রেড খোঁজা ছাড়ুন, নিজেই দাম দিন।

দুই দিকেই অর্ডার রাখেন, অপেক্ষা করেন, আর যার তাড়া আছে সে আপনাকে দেয়। আপনি দিক আন্দাজ করছেন না — তাৎক্ষণিকতা বিক্রি করছেন।

assetux.com/strategies#mm"
global,09,Strategy,,en,img/en/09.png,Inventory and volatility,"Holding a payout for four days instead of selling it Monday is a position, whether you call it one or not.

This is the only strategy in the guide that can lose your principal rather than your spread.

assetux.com/strategies#inventory"
global,09,Strategy,,es,img/es/09.png,Inventario y volatilidad,"Aguantar un cobro cuatro días en vez de venderlo el lunes es una posición, la llames como la llames.

Es la única estrategia de la guía que puede costarte el principal, no el spread.

assetux.com/strategies#inventory"
global,09,Strategy,,pt,img/pt/09.png,Estoque e volatilidade,"Segurar um pagamento por quatro dias em vez de vender na segunda é uma posição, chame do que quiser.

É a única estratégia do guia que pode custar o principal, não o spread.

assetux.com/strategies#inventory"
global,09,Strategy,,ar,img/ar/09.png,المخزون والتقلب,"الاحتفاظ بعائدك أربعة أيام بدل بيعه الاثنين هو مركز مفتوح، سمّه ما شئت.

هي الاستراتيجية الوحيدة في الدليل التي قد تكلّفك رأس المال لا الفارق.

assetux.com/strategies#inventory"
global,09,Strategy,,fa,img/fa/09.png,موجودی و نوسان,"نگه‌داشتن درآمد به مدت چهار روز به‌جای فروش در دوشنبه، یک پوزیشن است، هر اسمی که رویش بگذارید.

تنها استراتژی راهنماست که می‌تواند اصل سرمایه را ببرد، نه اسپرد را.

assetux.com/strategies#inventory"
global,09,Strategy,,ur,img/ur/09.png,انوینٹری اور اتار چڑھاؤ,"پیر کو بیچنے کے بجائے کمائی چار دن روکنا ایک پوزیشن ہے، نام کچھ بھی دیں۔

گائیڈ میں یہی واحد حکمتِ عملی ہے جو سپریڈ نہیں، اصل رقم لے جا سکتی ہے۔

assetux.com/strategies#inventory"
global,09,Strategy,,bn,img/bn/09.png,ইনভেন্টরি ও ভোলাটিলিটি,"সোমবার না বেচে চার দিন আয় ধরে রাখা মানেই একটা পজিশন, নাম যাই দিন।

গাইডের এটাই একমাত্র কৌশল যা স্প্রেড নয়, মূলধন কেড়ে নিতে পারে।

assetux.com/strategies#inventory"
global,10,Strategy,,en,img/en/10.png,P2P liquidity providing,"Market making on one pair, industrialised.

Commit a float across several assets and payment methods, and treat the fills as yield on capital.

assetux.com/strategies#liquidity"
global,10,Strategy,,es,img/es/10.png,Provisión de liquidez P2P,"Market making en un par, pero industrializado.

Comprometes un float en varios activos y métodos de pago, y tratas las ejecuciones como rendimiento sobre capital.

assetux.com/strategies#liquidity"
global,10,Strategy,,pt,img/pt/10.png,Provisão de liquidez P2P,"Market making num par, mas industrializado.

Você aloca um float em vários ativos e métodos de pagamento e trata as execuções como rendimento sobre capital.

assetux.com/strategies#liquidity"
global,10,Strategy,,ar,img/ar/10.png,توفير السيولة في P2P,"صناعة سوق على زوج واحد، لكن بشكل صناعي.

تخصّص رأس مال عبر عدة أصول وطرق دفع، وتتعامل مع التنفيذات كعائد على رأس المال.

assetux.com/strategies#liquidity"
global,10,Strategy,,fa,img/fa/10.png,تأمین نقدینگی ‏P2P,"بازارگردانی روی یک جفت، اما در مقیاس صنعتی.

سرمایه‌ای را روی چند دارایی و چند روش پرداخت اختصاص می‌دهید و پرشدن سفارش‌ها را بازده سرمایه می‌بینید.

assetux.com/strategies#liquidity"
global,10,Strategy,,ur,img/ur/10.png,‏P2P لیکویڈیٹی فراہم کرنا,"ایک جوڑے کی مارکیٹ میکنگ، مگر بڑے پیمانے پر۔

آپ کئی اثاثوں اور ادائیگی کے طریقوں پر سرمایہ لگاتے ہیں اور بھرنے والے آرڈرز کو سرمائے پر منافع سمجھتے ہیں۔

assetux.com/strategies#liquidity"
global,10,Strategy,,bn,img/bn/10.png,P2P লিকুইডিটি সরবরাহ,"এক পেয়ারের মার্কেট মেকিং, তবে বড় পরিসরে।

কয়েকটি অ্যাসেট আর পেমেন্ট মেথডে পুঁজি ছড়িয়ে দেন, আর ফিলগুলোকে পুঁজির রিটার্ন হিসেবে দেখেন।

assetux.com/strategies#liquidity"
global,11,Strategy,,en,img/en/11.png,Triangular arbitrage,"Three pairs whose prices imply a fourth that does not exist.

Walk the loop. If the implied rate disagrees with the real one, you come back with more than you left with.

assetux.com/strategies#triangular"
global,11,Strategy,,es,img/es/11.png,Arbitraje triangular,"Tres pares cuyos precios implican un cuarto que no existe.

Recorre el ciclo. Si la tasa implícita no coincide con la real, vuelves con más de lo que saliste.

assetux.com/strategies#triangular"
global,11,Strategy,,pt,img/pt/11.png,Arbitragem triangular,"Três pares cujos preços implicam um quarto que não existe.

Percorra o ciclo. Se a taxa implícita discorda da real, você volta com mais do que saiu.

assetux.com/strategies#triangular"
global,11,Strategy,,ar,img/ar/11.png,المراجحة الثلاثية,"ثلاثة أزواج تُوحي أسعارها بسعر رابع غير موجود.

امشِ الدورة كاملة. إذا اختلف السعر الضمني عن الحقيقي، تعود بأكثر مما بدأت.

assetux.com/strategies#triangular"
global,11,Strategy,,fa,img/fa/11.png,آربیتراژ مثلثی,"سه جفت که قیمتشان نرخ چهارمی را می‌سازد که وجود ندارد.

حلقه را کامل طی کنید. اگر نرخ ضمنی با نرخ واقعی نخواند، با بیشتر از آنچه رفتید برمی‌گردید.

assetux.com/strategies#triangular"
global,11,Strategy,,ur,img/ur/11.png,تکونی آربیٹراج,"تین جوڑے جن کی قیمتیں ایک چوتھی شرح ظاہر کرتی ہیں جو موجود ہی نہیں۔

پورا چکر مکمل کریں۔ اگر ظاہری شرح اصل سے نہ ملے تو آپ گئے سے زیادہ لے کر لوٹتے ہیں۔

assetux.com/strategies#triangular"
global,11,Strategy,,bn,img/bn/11.png,ত্রিভুজ আরবিট্রাজ,"তিনটি পেয়ার, যাদের দাম এমন একটা চতুর্থ রেট বোঝায় যার অস্তিত্ব নেই।

পুরো চক্রটা ঘুরুন। অনুমিত রেট আসলটার সাথে না মিললে যা নিয়ে বেরিয়েছিলেন তার বেশি নিয়ে ফেরেন।

assetux.com/strategies#triangular"
global,12,Rules & risk,,en,img/en/12.png,Price the round trip,"A 1.4% spread looks like money until you price the whole loop.

Two on-chain fees and one bank charge can take it under zero on small size.

The spread is not the profit. The round trip is.

assetux.com/strategies"
global,12,Rules & risk,,es,img/es/12.png,Calcula el ciclo completo,"Un spread del 1,4% parece dinero hasta que cuentas el ciclo entero.

Dos comisiones on-chain y un cargo bancario lo pueden dejar bajo cero en tamaño pequeño.

El spread no es la ganancia. El ciclo sí.

assetux.com/strategies"
global,12,Rules & risk,,pt,img/pt/12.png,"Calcule o ciclo, não a perna","Um spread de 1,4% parece dinheiro até você contar o ciclo inteiro.

Duas taxas on-chain e uma tarifa bancária podem levar isso abaixo de zero em tamanho pequeno.

O spread não é o lucro. O ciclo é.

assetux.com/strategies"
global,12,Rules & risk,,ar,img/ar/12.png,احسب الدورة لا الساق,"فارق ١٫٤٪ يبدو ربحاً حتى تحسب الدورة كاملة.

رسوم شبكة مرتين ورسوم بنكية قد تأخذه تحت الصفر على حجم صغير.

الفارق ليس الربح. الدورة هي الربح.

assetux.com/strategies"
global,12,Rules & risk,,fa,img/fa/12.png,کل چرخه را حساب کن,"اسپرد ۱٫۴٪ تا وقتی کل چرخه را حساب نکرده‌اید شبیه پول است.

دو کارمزد شبکه و یک کارمزد بانکی می‌تواند آن را در حجم کوچک زیر صفر ببرد.

اسپرد سود نیست. چرخه سود است.

assetux.com/strategies"
global,12,Rules & risk,,ur,img/ur/12.png,پورا چکر گنیں، ایک ٹانگ نہیں,"۱٫۴٪ کا سپریڈ اُس وقت تک منافع لگتا ہے جب تک آپ پورا چکر نہ گنیں۔

دو آن چین فیس اور ایک بینک چارج چھوٹے حجم پر اسے صفر سے نیچے لے جا سکتے ہیں۔

سپریڈ منافع نہیں۔ چکر منافع ہے۔

assetux.com/strategies"
global,12,Rules & risk,,bn,img/bn/12.png,"পুরো চক্র হিসাব করুন, এক পা নয়","১.৪% স্প্রেড ততক্ষণ লাভ মনে হয় যতক্ষণ পুরো চক্র হিসাব না করেন।

দুটো অন-চেইন ফি আর একটা ব্যাংক চার্জ ছোট সাইজে একে শূন্যের নিচে নিতে পারে।

স্প্রেড লাভ নয়। চক্রটাই লাভ।

assetux.com/strategies"
global,13,Rules & risk,,en,img/en/13.png,Escrow runs 15 minutes,"If a leg cannot finish inside the escrow window, it is not one trade.

It is two positions.

Size and plan accordingly.

assetux.com/strategies"
global,13,Rules & risk,,es,img/es/13.png,El escrow dura 15 minutos,"Si una pata no se cierra dentro de la ventana del escrow, no es una operación.

Son dos posiciones.

Dimensiona y planifica en consecuencia.

assetux.com/strategies"
global,13,Rules & risk,,pt,img/pt/13.png,O escrow dura 15 minutos,"Se uma perna não fecha dentro da janela do escrow, não é uma operação.

São duas posições.

Dimensione e planeje de acordo.

assetux.com/strategies"
global,13,Rules & risk,,ar,img/ar/13.png,الضمان يستمر ١٥ دقيقة,"إذا لم تُغلق الساق داخل نافذة الضمان، فهي ليست صفقة واحدة.

إنها مركزان.

حدّد الحجم وخطّط على هذا الأساس.

assetux.com/strategies"
global,13,Rules & risk,,fa,img/fa/13.png,امانی ۱۵ دقیقه طول می‌کشد,"اگر یک پا داخل پنجره امانی بسته نشود، این یک معامله نیست.

دو پوزیشن است.

حجم و برنامه را بر همین اساس ببندید.

assetux.com/strategies"
global,13,Rules & risk,,ur,img/ur/13.png,ایسکرو ۱۵ منٹ چلتا ہے,"اگر کوئی ٹانگ ایسکرو کی مدت میں مکمل نہ ہو تو یہ ایک ٹریڈ نہیں۔

یہ دو پوزیشنیں ہیں۔

حجم اور منصوبہ اسی حساب سے رکھیں۔

assetux.com/strategies"
global,13,Rules & risk,,bn,img/bn/13.png,এসক্রো চলে ১৫ মিনিট,"কোনো পা যদি এসক্রো উইন্ডোর ভেতরে শেষ না হয়, তবে সেটা এক ট্রেড নয়।

সেটা দুটো পজিশন।

সাইজ আর পরিকল্পনা সেভাবেই করুন।

assetux.com/strategies"
global,14,Rules & risk,,en,img/en/14.png,Depth beats price,"The best quote for 200 KGST tells you nothing about where 200,000 KGST actually fills.

Everyone screenshots the top of book. The fill happens somewhere else.

assetux.com/strategies"
global,14,Rules & risk,,es,img/es/14.png,La profundidad manda,"La mejor cotización para 200 KGST no te dice nada sobre dónde se ejecutan 200.000 KGST.

Todos capturan el tope del libro. La ejecución ocurre en otro sitio.

assetux.com/strategies"
global,14,Rules & risk,,pt,img/pt/14.png,Profundidade vence preço,"A melhor cotação para 200 KGST não diz nada sobre onde 200.000 KGST realmente executam.

Todo mundo printa o topo do livro. A execução acontece em outro lugar.

assetux.com/strategies"
global,14,Rules & risk,,ar,img/ar/14.png,العمق أهم من السعر,"أفضل سعر لـ٢٠٠ KGST لا يخبرك شيئاً عن مكان تنفيذ ٢٠٠٬٠٠٠ KGST.

الجميع يصوّر قمة الدفتر. التنفيذ يحدث في مكان آخر.

assetux.com/strategies"
global,14,Rules & risk,,fa,img/fa/14.png,عمق مهم‌تر از قیمت است,"بهترین قیمت برای ۲۰۰ KGST هیچ چیزی درباره جای پرشدن ۲۰۰٬۰۰۰ KGST نمی‌گوید.

همه از سر دفتر اسکرین‌شات می‌گیرند. پرشدن جای دیگری اتفاق می‌افتد.

assetux.com/strategies"
global,14,Rules & risk,,ur,img/ur/14.png,گہرائی قیمت سے بڑھ کر ہے,"۲۰۰ KGST کی بہترین قیمت یہ نہیں بتاتی کہ ۲۰۰٬۰۰۰ KGST کہاں بھرے گا۔

سب بُک کا اوپری حصہ دکھاتے ہیں۔ آرڈر کہیں اور بھرتا ہے۔

assetux.com/strategies"
global,14,Rules & risk,,bn,img/bn/14.png,"দাম নয়, গভীরতা আগে","২০০ KGST-র সেরা দর আপনাকে বলে না ২,০০,০০০ KGST আসলে কোথায় ফিল হবে।

সবাই বুকের উপরটা স্ক্রিনশট নেয়। ফিল হয় অন্য কোথাও।

assetux.com/strategies"
global,15,Rules & risk,,en,img/en/15.png,Keep float on both sides,"An opportunity you have to fund first is usually gone by the time the funding lands.

Capital in the wrong place is the same as no capital.

assetux.com/strategies"
global,15,Rules & risk,,es,img/es/15.png,Ten saldo en ambos lados,"Una oportunidad que primero tienes que fondear suele desaparecer antes de que llegue el dinero.

Capital en el lugar equivocado es lo mismo que no tener capital.

assetux.com/strategies"
global,15,Rules & risk,,pt,img/pt/15.png,Tenha saldo dos dois lados,"Uma oportunidade que você precisa financiar primeiro geralmente some antes de o dinheiro chegar.

Capital no lugar errado é o mesmo que capital nenhum.

assetux.com/strategies"
global,15,Rules & risk,,ar,img/ar/15.png,احتفظ برصيد على الجانبين,"الفرصة التي تحتاج لتمويلها أولاً تختفي عادةً قبل وصول التمويل.

رأس مال في المكان الخطأ يساوي لا رأس مال.

assetux.com/strategies"
global,15,Rules & risk,,fa,img/fa/15.png,هر دو طرف موجودی داشته باش,"فرصتی که اول باید تأمین مالی‌اش کنید معمولاً پیش از رسیدن پول از بین می‌رود.

سرمایه در جای اشتباه، مساوی است با نداشتن سرمایه.

assetux.com/strategies"
global,15,Rules & risk,,ur,img/ur/15.png,دونوں طرف رقم رکھیں,"جس موقع کے لیے پہلے پیسے بھیجنے پڑیں، وہ عموماً پیسے پہنچنے سے پہلے ختم ہو جاتا ہے۔

غلط جگہ پڑا سرمایہ اور نہ ہونا برابر ہے۔

assetux.com/strategies"
global,15,Rules & risk,,bn,img/bn/15.png,দুই দিকেই পুঁজি রাখুন,"যে সুযোগের জন্য আগে টাকা পাঠাতে হয়, টাকা পৌঁছানোর আগেই সেটা সাধারণত চলে যায়।

ভুল জায়গায় পড়ে থাকা পুঁজি আর পুঁজি না থাকা এক কথা।

assetux.com/strategies"
global,16,Rules & risk,,en,img/en/16.png,Adverse selection,"In a one-way market only your losing side gets hit.

You buy all the way down and never sell.

Widen or pull the quote when the mid stops oscillating and starts trending.

assetux.com/strategies#mm"
global,16,Rules & risk,,es,img/es/16.png,Selección adversa,"En un mercado de una sola dirección solo te ejecutan la punta perdedora.

Compras todo el camino hacia abajo y nunca vendes.

Abre o retira la cotización cuando el mid deja de oscilar y arranca en tendencia.

assetux.com/strategies#mm"
global,16,Rules & risk,,pt,img/pt/16.png,Seleção adversa,"Num mercado de mão única só a sua ponta perdedora é executada.

Você compra o caminho inteiro para baixo e nunca vende.

Abra ou retire a cotação quando o mid parar de oscilar e virar tendência.

assetux.com/strategies#mm"
global,16,Rules & risk,,ar,img/ar/16.png,الاختيار المعاكس,"في سوق أحادي الاتجاه لا يُنفَّذ إلا جانبك الخاسر.

تشتري طوال طريق الهبوط ولا تبيع أبداً.

وسّع السعر أو اسحبه حين يتوقف المنتصف عن التذبذب ويبدأ الاتجاه.

assetux.com/strategies#mm"
global,16,Rules & risk,,fa,img/fa/16.png,انتخاب نامساعد,"در بازار یک‌طرفه فقط سمت بازنده شما پر می‌شود.

تمام مسیر نزول می‌خرید و هیچ‌وقت نمی‌فروشید.

وقتی میانه از نوسان افتاد و روند گرفت، قیمت را بازتر کنید یا بردارید.

assetux.com/strategies#mm"
global,16,Rules & risk,,ur,img/ur/16.png,مخالف انتخاب,"یک طرفہ مارکیٹ میں صرف آپ کا نقصان والا رخ بھرتا ہے۔

آپ پورے راستے خریدتے جاتے ہیں اور بیچتے کبھی نہیں۔

جب درمیانی قیمت جھولنا چھوڑ کر رجحان پکڑ لے تو قیمت کھولیں یا ہٹا لیں۔

assetux.com/strategies#mm"
global,16,Rules & risk,,bn,img/bn/16.png,প্রতিকূল নির্বাচন,"একমুখী বাজারে কেবল আপনার হারা দিকটাই ফিল হয়।

আপনি নামার পুরো পথ ধরে কিনতে থাকেন, বিক্রি করেন না।

মিড যখন দুলতে বন্ধ করে ট্রেন্ড ধরে, দর চওড়া করুন বা তুলে নিন।

assetux.com/strategies#mm"
global,17,Rules & risk,,en,img/en/17.png,Idle float is the real cost,"Escrow ties capital up while an order is live.

A book full of your quotes can look busy while most of your money earns nothing.

Measure return on the whole float, not on the fill.

assetux.com/strategies#liquidity"
global,17,Rules & risk,,es,img/es/17.png,El costo real: saldo parado,"El escrow inmoviliza capital mientras la orden está viva.

Un libro lleno de tus órdenes puede parecer activo mientras la mayor parte de tu dinero no gana nada.

Mide el retorno sobre todo el float.

assetux.com/strategies#liquidity"
global,17,Rules & risk,,pt,img/pt/17.png,O custo real: float parado,"O escrow trava capital enquanto a ordem está viva.

Um livro cheio das suas ordens pode parecer movimentado enquanto a maior parte do seu dinheiro não rende nada.

Meça o retorno sobre o float inteiro.

assetux.com/strategies#liquidity"
global,17,Rules & risk,,ar,img/ar/17.png,التكلفة الحقيقية: رأس مال معطّل,"الضمان يجمّد رأس المال ما دام الأمر قائماً.

دفتر مليء بأوامرك قد يبدو نشطاً بينما معظم مالك لا يربح شيئاً.

قِس العائد على رأس المال كله.

assetux.com/strategies#liquidity"
global,17,Rules & risk,,fa,img/fa/17.png,هزینه واقعی: سرمایه بیکار,"تا وقتی سفارش زنده است، امانی سرمایه را قفل نگه می‌دارد.

دفتری پر از سفارش‌های شما می‌تواند شلوغ به نظر برسد در حالی که بیشتر پولتان هیچ درآمدی ندارد.

بازده را روی کل سرمایه بسنجید.

assetux.com/strategies#liquidity"
global,17,Rules & risk,,ur,img/ur/17.png,اصل لاگت: بیکار سرمایہ,"آرڈر زندہ رہنے تک ایسکرو سرمایہ روکے رکھتا ہے۔

آپ کے آرڈرز سے بھری بُک مصروف لگ سکتی ہے جبکہ آپ کا زیادہ تر پیسہ کچھ نہیں کما رہا۔

منافع پورے سرمائے پر ناپیں۔

assetux.com/strategies#liquidity"
global,17,Rules & risk,,bn,img/bn/17.png,আসল খরচ: বসে থাকা পুঁজি,"অর্ডার জীবিত থাকা পর্যন্ত এসক্রো পুঁজি আটকে রাখে।

আপনার দরে ভরা বুক ব্যস্ত দেখাতে পারে, অথচ আপনার বেশির ভাগ টাকা কিছুই কামাচ্ছে না।

রিটার্ন মাপুন পুরো পুঁজির উপর।

assetux.com/strategies#liquidity"
global,18,Rules & risk,,en,img/en/18.png,Leg three is the thin one,"Compute-coin books are shallow.

The rate you multiplied by is often not the rate you get — and the position you are left holding is the hardest one to exit.

Most paper triangles die on leg three.

assetux.com/strategies#triangular"
global,18,Rules & risk,,es,img/es/18.png,La tercera pata es la delgada,"Los libros de compute coins son poco profundos.

La tasa por la que multiplicaste no suele ser la que consigues, y la posición que te queda es la más difícil de soltar.

assetux.com/strategies#triangular"
global,18,Rules & risk,,pt,img/pt/18.png,A terceira perna é a fina,"Os livros de compute coins são rasos.

A taxa pela qual você multiplicou muitas vezes não é a que você consegue — e a posição que sobra é a mais difícil de sair.

assetux.com/strategies#triangular"
global,18,Rules & risk,,ar,img/ar/18.png,الساق الثالثة هي الرقيقة,"دفاتر عملات الحوسبة ضحلة.

السعر الذي ضربت به غالباً ليس السعر الذي تحصل عليه — والمركز الذي يبقى معك هو الأصعب في الخروج.

assetux.com/strategies#triangular"
global,18,Rules & risk,,fa,img/fa/18.png,پای سوم نازک است,"دفترهای کامپیوت‌کوین کم‌عمق‌اند.

نرخی که در آن ضرب کردید اغلب نرخی نیست که می‌گیرید — و پوزیشنی که برایتان می‌ماند سخت‌ترین برای خروج است.

assetux.com/strategies#triangular"
global,18,Rules & risk,,ur,img/ur/18.png,تیسری ٹانگ سب سے پتلی,"کمپیوٹ کوائن کی بُکس کم گہری ہوتی ہیں۔

جس شرح سے آپ نے ضرب دی وہ اکثر وہ نہیں ہوتی جو ملتی ہے — اور جو پوزیشن بچ جاتی ہے، اُس سے نکلنا سب سے مشکل ہے۔

assetux.com/strategies#triangular"
global,18,Rules & risk,,bn,img/bn/18.png,তৃতীয় পা-টাই সবচেয়ে পাতলা,"কম্পিউট কয়েনের বুক অগভীর।

যে রেট দিয়ে গুণ করেছেন সেটা প্রায়ই পাওয়া রেট নয় — আর যে পজিশনটা হাতে থেকে যায়, সেটা থেকে বেরোনোই সবচেয়ে কঠিন।

assetux.com/strategies#triangular"
global,19,Assets & rails,,en,img/en/19.png,USDT on five networks,"Pick the network at the ticket, not at the pair.

TRC20 for cheap settlement. ERC20 when the counterparty insists. BEP20, TON or SOL when the fee matters more than the habit.

assetux.com"
global,19,Assets & rails,,es,img/es/19.png,USDT en cinco redes,"Elige la red en el ticket, no en el par.

TRC20 para liquidar barato. ERC20 cuando la contraparte insiste. BEP20, TON o SOL cuando la comisión pesa más que la costumbre.

assetux.com"
global,19,Assets & rails,,pt,img/pt/19.png,USDT em cinco redes,"Escolha a rede no ticket, não no par.

TRC20 para liquidar barato. ERC20 quando a contraparte insiste. BEP20, TON ou SOL quando a taxa pesa mais que o hábito.

assetux.com"
global,19,Assets & rails,,ar,img/ar/19.png,‏USDT على خمس شبكات,"اختر الشبكة عند التذكرة، لا عند الزوج.

‏TRC20 للتسوية الرخيصة. ERC20 حين يصرّ الطرف الآخر. BEP20 أو TON أو SOL حين تكون الرسوم أهم من العادة.

assetux.com"
global,19,Assets & rails,,fa,img/fa/19.png,‏USDT روی پنج شبکه,"شبکه را در تیکت انتخاب کنید، نه در جفت معاملاتی.

‏TRC20 برای تسویه ارزان. ERC20 وقتی طرف مقابل اصرار دارد. BEP20، TON یا SOL وقتی کارمزد از عادت مهم‌تر است.

assetux.com"
global,19,Assets & rails,,ur,img/ur/19.png,پانچ نیٹ ورکس پر USDT,"نیٹ ورک جوڑے پر نہیں، ٹکٹ پر منتخب کریں۔

سستی سیٹلمنٹ کے لیے TRC20۔ فریقِ ثانی کے اصرار پر ERC20۔ فیس عادت سے زیادہ اہم ہو تو BEP20، TON یا SOL۔

assetux.com"
global,19,Assets & rails,,bn,img/bn/19.png,পাঁচ নেটওয়ার্কে USDT,"নেটওয়ার্ক বাছুন টিকিটে, পেয়ারে নয়।

সস্তা সেটলমেন্টে TRC20। প্রতিপক্ষ জেদ ধরলে ERC20। ফি অভ্যাসের চেয়ে বড় হলে BEP20, TON বা SOL।

assetux.com"
global,20,Assets & rails,,en,img/en/20.png,Bitcoin,"Deepest liquidity of any quote on the book.

The maker posts a receiving address, you send from any wallet, and escrow holds the base side until it lands.

assetux.com"
global,20,Assets & rails,,es,img/es/20.png,Bitcoin,"La liquidez más profunda de todo el libro.

El maker publica una dirección de cobro, tú envías desde cualquier billetera y el escrow retiene el lado base hasta que llega.

assetux.com"
global,20,Assets & rails,,pt,img/pt/20.png,Bitcoin,"A liquidez mais profunda do livro inteiro.

O maker publica um endereço de recebimento, você envia de qualquer carteira, e o escrow segura o lado base até chegar.

assetux.com"
global,20,Assets & rails,,ar,img/ar/20.png,بيتكوين,"أعمق سيولة في الدفتر كله.

الصانع ينشر عنوان الاستلام، أنت ترسل من أي محفظة، والضمان يحتجز الجانب الأساسي حتى الوصول.

assetux.com"
global,20,Assets & rails,,fa,img/fa/20.png,بیت‌کوین,"عمیق‌ترین نقدینگی کل دفتر.

میکر آدرس دریافت را می‌گذارد، شما از هر کیف پولی می‌فرستید، و امانی سمت پایه را تا رسیدن نگه می‌دارد.

assetux.com"
global,20,Assets & rails,,ur,img/ur/20.png,بٹ کوائن,"پوری بُک کی سب سے گہری لیکویڈیٹی۔

میکر وصولی کا پتہ دیتا ہے، آپ کسی بھی والٹ سے بھیجتے ہیں، اور ایسکرو بنیادی رخ روکے رکھتا ہے۔

assetux.com"
global,20,Assets & rails,,bn,img/bn/20.png,বিটকয়েন,"পুরো বুকের সবচেয়ে গভীর লিকুইডিটি।

মেকার রিসিভিং ঠিকানা দেয়, আপনি যেকোনো ওয়ালেট থেকে পাঠান, আর এসক্রো বেস দিকটা ধরে রাখে।

assetux.com"
global,21,Assets & rails,,en,img/en/21.png,KGST,"Already listed on Binance, so its price is not ours to invent.

Every compute coin quotes against it — which is exactly what makes the triangle trades work.

assetux.com"
global,21,Assets & rails,,es,img/es/21.png,KGST,"Ya cotiza en Binance, así que el precio no lo inventamos nosotros.

Cada compute coin cotiza contra él, que es justo lo que hace funcionar los triángulos.

assetux.com"
global,21,Assets & rails,,pt,img/pt/21.png,KGST,"Já listado na Binance, então o preço não é invenção nossa.

Cada compute coin cota contra ele — que é exatamente o que faz os triângulos funcionarem.

assetux.com"
global,21,Assets & rails,,ar,img/ar/21.png,‏KGST,"مُدرَج على Binance، فالسعر ليس من اختراعنا.

كل عملة حوسبة تُسعَّر مقابله — وهذا بالضبط ما يجعل صفقات المثلث تعمل.

assetux.com"
global,21,Assets & rails,,fa,img/fa/21.png,‏KGST,"از قبل در بایننس لیست شده، پس قیمتش را ما نمی‌سازیم.

هر کامپیوت‌کوین در برابر آن قیمت می‌خورد — و دقیقاً همین است که معاملات مثلثی را ممکن می‌کند.

assetux.com"
global,21,Assets & rails,,ur,img/ur/21.png,‏KGST,"پہلے سے بائنانس پر لسٹڈ، اس لیے قیمت ہماری ایجاد نہیں۔

ہر کمپیوٹ کوائن اسی کے مقابلے میں قیمت پاتا ہے — اور یہی تکونی ٹریڈز کو ممکن بناتا ہے۔

assetux.com"
global,21,Assets & rails,,bn,img/bn/21.png,KGST,"আগে থেকেই Binance-এ লিস্টেড, তাই দামটা আমাদের বানানো নয়।

প্রতিটি কম্পিউট কয়েন এর বিপরীতে কোট হয় — ত্রিভুজ ট্রেড ঠিক এ কারণেই কাজ করে।

assetux.com"
global,22,Assets & rails,,en,img/en/22.png,Fiat methods,"Bank transfer, card-to-card, mobile wallet, cash in person.

The maker names the method and the window. Escrow only releases once you confirm the money landed.

assetux.com"
global,22,Assets & rails,,es,img/es/22.png,Métodos fiat,"Transferencia bancaria, tarjeta a tarjeta, billetera móvil, efectivo en persona.

El maker define el método y la ventana. El escrow solo libera cuando tú confirmas que el dinero llegó.

assetux.com"
global,22,Assets & rails,,pt,img/pt/22.png,Métodos fiat,"Transferência bancária, cartão para cartão, carteira móvel, dinheiro na mão.

O maker define o método e a janela. O escrow só libera quando você confirma que o dinheiro caiu.

assetux.com"
global,22,Assets & rails,,ar,img/ar/22.png,طرق الدفع الورقية,"حوالة بنكية، بطاقة إلى بطاقة، محفظة موبايل، نقداً باليد.

الصانع يحدد الطريقة والمهلة. الضمان لا يُفرج إلا بعد تأكيدك وصول المال.

assetux.com"
global,22,Assets & rails,,fa,img/fa/22.png,روش‌های فیات,"حواله بانکی، کارت به کارت، کیف پول موبایل، نقدی حضوری.

میکر روش و مهلت را تعیین می‌کند. امانی فقط پس از تأیید شما آزاد می‌شود.

assetux.com"
global,22,Assets & rails,,ur,img/ur/22.png,فیاٹ کے طریقے,"بینک ٹرانسفر، کارڈ ٹو کارڈ، موبائل والٹ، بالمشافہ نقد۔

میکر طریقہ اور مدت طے کرتا ہے۔ ایسکرو تبھی کھلتا ہے جب آپ رقم ملنے کی تصدیق کریں۔

assetux.com"
global,22,Assets & rails,,bn,img/bn/22.png,ফিয়াট পদ্ধতি,"ব্যাংক ট্রান্সফার, কার্ড টু কার্ড, মোবাইল ওয়ালেট, সামনাসামনি নগদ।

মেকার পদ্ধতি আর সময়সীমা ঠিক করে। আপনি টাকা পাওয়ার নিশ্চিত করলে তবেই এসক্রো ছাড়ে।

assetux.com"
global,23,Assets & rails,,en,img/en/23.png,ETH and SOL,"Native ETH straight out of MetaMask — the UI builds the transaction, you sign it.

Connect Phantom on Solana to autofill your receive address. Sub-cent fees make small, frequent arbitrage legs viable.

assetux.com"
global,23,Assets & rails,,es,img/es/23.png,ETH y SOL,"ETH nativo directo desde MetaMask: la interfaz arma la transacción, tú la firmas.

Conecta Phantom en Solana para autocompletar tu dirección de cobro. Comisiones de centavos hacen viables las patas pequeñas y frecuentes.

assetux.com"
global,23,Assets & rails,,pt,img/pt/23.png,ETH e SOL,"ETH nativo direto do MetaMask: a interface monta a transação, você assina.

Conecte a Phantom na Solana para preencher seu endereço de recebimento. Taxas de centavos tornam viáveis pernas pequenas e frequentes.

assetux.com"
global,23,Assets & rails,,ar,img/ar/23.png,‏ETH و SOL,"‏ETH أصلي مباشرة من MetaMask: الواجهة تبني المعاملة وأنت توقّعها.

اربط Phantom على Solana لملء عنوان الاستلام تلقائياً. رسوم أقل من سنت تجعل السيقان الصغيرة المتكررة مجدية.

assetux.com"
global,23,Assets & rails,,fa,img/fa/23.png,‏ETH و SOL,"‏ETH بومی مستقیم از متامسک: رابط تراکنش را می‌سازد، شما امضا می‌کنید.

فانتوم را روی سولانا وصل کنید تا آدرس دریافتتان خودکار پر شود. کارمزد زیر یک سنت پاهای کوچک و پرتکرار را به‌صرفه می‌کند.

assetux.com"
global,23,Assets & rails,,ur,img/ur/23.png,‏ETH اور SOL,"‏MetaMask سے براہِ راست نیٹو ETH: انٹرفیس ٹرانزیکشن بناتا ہے، آپ دستخط کرتے ہیں۔

سولانا پر Phantom جوڑیں تاکہ وصولی کا پتہ خودکار بھر جائے۔ ایک سینٹ سے کم فیس چھوٹی، بار بار کی ٹانگیں قابلِ عمل بناتی ہے۔

assetux.com"
global,23,Assets & rails,,bn,img/bn/23.png,ETH ও SOL,"MetaMask থেকে সরাসরি নেটিভ ETH: ইন্টারফেস ট্রানজেকশন বানায়, আপনি সই করেন।

সোলানায় Phantom যুক্ত করলে রিসিভ ঠিকানা নিজেই বসে। এক সেন্টের কম ফি ছোট, ঘন ঘন লেগ লাভজনক করে।

assetux.com"
global,24,Compute payout,,en,img/en/24.png,"Cash out weekly, not eventually","No minimum payout. No listing queue. No SWIFT.

A miner earning 4,000 KGST a week cashes out weekly instead of waiting for a threshold that never quite arrives.

assetux.com"
global,24,Compute payout,,es,img/es/24.png,Cobra cada semana,"Sin pago mínimo. Sin cola de listado. Sin SWIFT.

Un minero que gana 4.000 KGST por semana cobra cada semana, en vez de esperar un umbral que nunca termina de llegar.

assetux.com"
global,24,Compute payout,,pt,img/pt/24.png,Saque toda semana,"Sem pagamento mínimo. Sem fila de listagem. Sem SWIFT.

Um minerador que ganha 4.000 KGST por semana saca toda semana, em vez de esperar um limite que nunca chega.

assetux.com"
global,24,Compute payout,,ar,img/ar/24.png,اسحب كل أسبوع,"لا حد أدنى للسحب. لا طابور إدراج. لا SWIFT.

معدّن يربح ٤٬٠٠٠ KGST أسبوعياً يسحب كل أسبوع، بدل انتظار حد لا يصل أبداً.

assetux.com"
global,24,Compute payout,,fa,img/fa/24.png,هر هفته برداشت کن,"بدون حداقل برداشت. بدون صف لیست شدن. بدون SWIFT.

ماینری که هفته‌ای ۴٬۰۰۰ KGST درمی‌آورد هر هفته برداشت می‌کند، نه اینکه منتظر آستانه‌ای بماند که نمی‌رسد.

assetux.com"
global,24,Compute payout,,ur,img/ur/24.png,ہر ہفتے رقم نکالیں,"کوئی کم از کم حد نہیں۔ کوئی لسٹنگ قطار نہیں۔ کوئی SWIFT نہیں۔

ہفتے کے ۴٬۰۰۰ KGST کمانے والا مائنر ہر ہفتے نکالتا ہے، نہ کہ کسی حد کا انتظار کرتا ہے۔

assetux.com"
global,24,Compute payout,,bn,img/bn/24.png,প্রতি সপ্তাহে তুলে নিন,"কোনো ন্যূনতম পেআউট নেই। লিস্টিং লাইন নেই। SWIFT নেই।

সপ্তাহে ৪,০০০ KGST আয় করা মাইনার প্রতি সপ্তাহেই তোলে, কোনো থ্রেশহোল্ডের অপেক্ষায় বসে থাকে না।

assetux.com"
global,25,Compute payout,,en,img/en/25.png,Three steps from GPU to bank,"Run the jobs — your node settles AI compute work in KGST or a regional compute coin.

List the payout on the P2P book at your own price.

Take it out in USDT, BTC, ETH, SOL or fiat.

assetux.com"
global,25,Compute payout,,es,img/es/25.png,Tres pasos: GPU al banco,"Procesa los trabajos: tu nodo liquida el cómputo de IA en KGST o en un compute coin regional.

Publica el cobro en el libro P2P a tu precio.

Retíralo en USDT, BTC, ETH, SOL o fiat.

assetux.com"
global,25,Compute payout,,pt,img/pt/25.png,Três passos: da GPU ao banco,"Rode as tarefas: seu nó liquida o trabalho de IA em KGST ou num compute coin regional.

Publique o pagamento no livro P2P ao seu preço.

Saque em USDT, BTC, ETH, SOL ou fiat.

assetux.com"
global,25,Compute payout,,ar,img/ar/25.png,ثلاث خطوات من الكرت للبنك,"نفّذ المهام: عقدتك تسوّي عمل الذكاء الاصطناعي بـKGST أو بعملة حوسبة إقليمية.

اعرض العائد على دفتر P2P بسعرك أنت.

اسحبه بـUSDT أو BTC أو ETH أو SOL أو نقداً.

assetux.com"
global,25,Compute payout,,fa,img/fa/25.png,سه گام از کارت تا بانک,"کارها را اجرا کنید: نود شما کار هوش مصنوعی را با KGST یا یک کامپیوت‌کوین منطقه‌ای تسویه می‌کند.

درآمد را با قیمت خودتان در دفتر P2P بگذارید.

با USDT، BTC، ETH، SOL یا فیات بردارید.

assetux.com"
global,25,Compute payout,,ur,img/ur/25.png,‏GPU سے بینک تک تین قدم,"کام چلائیں: آپ کا نوڈ اے آئی کمپیوٹ کو KGST یا علاقائی کمپیوٹ کوائن میں طے کرتا ہے۔

کمائی اپنی قیمت پر P2P بُک میں رکھیں۔

‏USDT، BTC، ETH، SOL یا فیاٹ میں نکالیں۔

assetux.com"
global,25,Compute payout,,bn,img/bn/25.png,"GPU থেকে ব্যাংক, তিন ধাপ","কাজ চালান: আপনার নোড এআই কম্পিউট কাজ KGST বা আঞ্চলিক কম্পিউট কয়েনে সেটল করে।

নিজের দামে P2P বুকে আয়টা তুলুন।

USDT, BTC, ETH, SOL বা ফিয়াটে বের করুন।

assetux.com"
global,26,Compute payout,,en,img/en/26.png,Minimum payout,"Zero.

No threshold to reach, no queue to join, no wire to explain to a compliance desk.

You earned it, you list it, you take it out.

assetux.com"
global,26,Compute payout,,es,img/es/26.png,Pago mínimo,"Cero.

Sin umbral que alcanzar, sin cola a la que sumarse, sin transferencia que explicarle a un área de cumplimiento.

Lo ganaste, lo publicas, lo retiras.

assetux.com"
global,26,Compute payout,,pt,img/pt/26.png,Saque mínimo,"Zero.

Sem limite para atingir, sem fila para entrar, sem transferência para explicar a um time de compliance.

Você ganhou, você publica, você saca.

assetux.com"
global,26,Compute payout,,ar,img/ar/26.png,الحد الأدنى للسحب,"صفر.

لا حد تبلغه، لا طابور تنضم إليه، لا حوالة تشرحها لقسم الامتثال.

ربحته، تعرضه، تسحبه.

assetux.com"
global,26,Compute payout,,fa,img/fa/26.png,حداقل برداشت,"صفر.

نه آستانه‌ای برای رسیدن، نه صفی برای پیوستن، نه حواله‌ای که به واحد انطباق توضیح دهید.

درآوردید، می‌گذارید، برمی‌دارید.

assetux.com"
global,26,Compute payout,,ur,img/ur/26.png,کم از کم ادائیگی,"صفر۔

نہ کوئی حد چھونی ہے، نہ کسی قطار میں لگنا ہے، نہ کسی کمپلائنس ڈیسک کو ٹرانسفر سمجھانی ہے۔

آپ نے کمایا، آپ نے رکھا، آپ نے نکالا۔

assetux.com"
global,26,Compute payout,,bn,img/bn/26.png,ন্যূনতম পেআউট,"শূন্য।

ছোঁয়ার মতো কোনো সীমা নেই, দাঁড়ানোর মতো লাইন নেই, কমপ্লায়েন্স ডেস্ককে বোঝানোর মতো ট্রান্সফার নেই।

আপনি কামিয়েছেন, আপনি তুলেছেন, আপনি নিয়েছেন।

assetux.com"
global,27,Compute payout,,en,img/en/27.png,What your node really pays you,"KGST is the rail. aiGEL, aiETB and aiBTN are the regional compute coins.

Nothing to claim, nothing to unstake — finished work settles straight into the asset.

assetux.com"
global,27,Compute payout,,es,img/es/27.png,Lo que tu nodo te paga,"KGST es el riel. aiGEL, aiETB y aiBTN son los compute coins regionales.

Nada que reclamar, nada que desbloquear: el trabajo terminado liquida directo en el activo.

assetux.com"
global,27,Compute payout,,pt,img/pt/27.png,O que seu nó realmente paga,"KGST é o trilho. aiGEL, aiETB e aiBTN são os compute coins regionais.

Nada para reivindicar, nada para dessaquear: o trabalho concluído liquida direto no ativo.

assetux.com"
global,27,Compute payout,,ar,img/ar/27.png,ما تدفعه لك عقدتك فعلاً,"‏KGST هو السكة. وaiGEL وaiETB وaiBTN هي عملات الحوسبة الإقليمية.

لا شيء تطالب به، لا شيء تفك رهنه: العمل المنتهي يُسوّى مباشرة في الأصل.

assetux.com"
global,27,Compute payout,,fa,img/fa/27.png,نود شما واقعاً چه می‌پردازد,"‏KGST ریل اصلی است. aiGEL و aiETB و aiBTN کامپیوت‌کوین‌های منطقه‌ای‌اند.

نه چیزی برای کلیم، نه چیزی برای آنستیک: کار تمام‌شده مستقیم در همان دارایی تسویه می‌شود.

assetux.com"
global,27,Compute payout,,ur,img/ur/27.png,آپ کا نوڈ دراصل کیا دیتا ہے,"‏KGST بنیادی ریل ہے۔ aiGEL، aiETB اور aiBTN علاقائی کمپیوٹ کوائنز ہیں۔

نہ کچھ کلیم کرنا، نہ اَن سٹیک: مکمل شدہ کام سیدھا اسی اثاثے میں طے ہوتا ہے۔

assetux.com"
global,27,Compute payout,,bn,img/bn/27.png,আপনার নোড আসলে কী দেয়,"KGST হলো মূল রেল। aiGEL, aiETB আর aiBTN হলো আঞ্চলিক কম্পিউট কয়েন।

ক্লেইম করার কিছু নেই, আনস্টেক করারও নেই: শেষ হওয়া কাজ সরাসরি সেই অ্যাসেটেই সেটল হয়।

assetux.com"
global,28,P2P liquidity,,en,img/en/28.png,"Be the book, not the taker","Every taker who wants out right now pays someone for the privilege.

Provide the float that lets them, and that payment is your yield — earned on inventory you were holding anyway.

assetux.com/strategies#liquidity"
global,28,P2P liquidity,,es,img/es/28.png,"Sé el libro, no el taker","Todo el que quiere salir ahora mismo le paga a alguien por el privilegio.

Pon el float que se lo permite y ese pago es tu rendimiento, ganado sobre inventario que ya tenías.

assetux.com/strategies#liquidity"
global,28,P2P liquidity,,pt,img/pt/28.png,"Seja o livro, não o taker","Todo mundo que quer sair agora paga alguém pelo privilégio.

Coloque o float que permite isso, e esse pagamento é o seu rendimento — ganho sobre estoque que você já tinha.

assetux.com/strategies#liquidity"
global,28,P2P liquidity,,ar,img/ar/28.png,كن الدفتر لا المنفّذ,"كل من يريد الخروج الآن يدفع لأحدهم مقابل ذلك.

وفّر رأس المال الذي يتيح له هذا، وذلك الدفع هو عائدك — على مخزون كنت تحتفظ به أصلاً.

assetux.com/strategies#liquidity"
global,28,P2P liquidity,,fa,img/fa/28.png,دفتر باش، نه تیکر,"هرکس همین حالا بخواهد خارج شود، بابتش به کسی پول می‌دهد.

سرمایه‌ای را که این را ممکن می‌کند فراهم کنید؛ آن پرداخت بازده شماست — روی موجودی‌ای که از قبل داشتید.

assetux.com/strategies#liquidity"
global,28,P2P liquidity,,ur,img/ur/28.png,بُک بنیں، ٹیکر نہیں,"جسے ابھی نکلنا ہے وہ اس سہولت کی قیمت کسی کو ادا کرتا ہے۔

وہ سرمایہ فراہم کریں جو یہ ممکن بناتا ہے — وہی ادائیگی آپ کا منافع ہے، اُسی مال پر جو آپ پہلے سے رکھے تھے۔

assetux.com/strategies#liquidity"
global,28,P2P liquidity,,bn,img/bn/28.png,"টেকার নয়, বুক হোন","এখনই বেরোতে চাওয়া প্রত্যেকে সেই সুবিধার দাম কাউকে দেয়।

যে পুঁজি সেটা সম্ভব করে সেটা দিন — ওই পেমেন্টই আপনার রিটার্ন, যে স্টক আপনি এমনিতেও ধরে রেখেছিলেন তার উপর।

assetux.com/strategies#liquidity"
global,29,P2P liquidity,,en,img/en/29.png,Where the edge actually is,"Thin pairs pay the widest edge and fill slowly.

KGST-USDT pays the least and fills constantly.

Split your float across methods and let the fills come to you.

assetux.com/strategies#liquidity"
global,29,P2P liquidity,,es,img/es/29.png,Dónde está el margen,"Los pares delgados pagan el margen más ancho y se ejecutan lento.

KGST-USDT paga lo mínimo y se ejecuta sin parar.

Reparte tu float entre métodos y deja que las ejecuciones lleguen solas.

assetux.com/strategies#liquidity"
global,29,P2P liquidity,,pt,img/pt/29.png,Onde está a margem,"Pares rasos pagam a margem mais larga e executam devagar.

KGST-USDT paga o mínimo e executa o tempo todo.

Divida seu float entre métodos e deixe as execuções virem até você.

assetux.com/strategies#liquidity"
global,29,P2P liquidity,,ar,img/ar/29.png,أين يكون الهامش فعلاً,"الأزواج الضحلة تدفع أوسع هامش وتُنفَّذ ببطء.

‏KGST-USDT يدفع الأقل ويُنفَّذ باستمرار.

وزّع رأس مالك على الطرق ودع التنفيذات تأتيك.

assetux.com/strategies#liquidity"
global,29,P2P liquidity,,fa,img/fa/29.png,حاشیه سود واقعاً کجاست,"جفت‌های کم‌عمق بیشترین حاشیه را می‌دهند و کند پر می‌شوند.

‏KGST-USDT کمترین را می‌دهد و مدام پر می‌شود.

سرمایه را بین روش‌ها پخش کنید و بگذارید سفارش‌ها خودشان بیایند.

assetux.com/strategies#liquidity"
global,29,P2P liquidity,,ur,img/ur/29.png,منافع اصل میں کہاں ہے,"پتلے جوڑے سب سے چوڑا مارجن دیتے ہیں مگر آہستہ بھرتے ہیں۔

‏KGST-USDT سب سے کم دیتا ہے مگر مسلسل بھرتا ہے۔

سرمایہ طریقوں میں بانٹیں اور آرڈرز کو خود آنے دیں۔

assetux.com/strategies#liquidity"
global,29,P2P liquidity,,bn,img/bn/29.png,মার্জিনটা আসলে কোথায়,"পাতলা পেয়ার সবচেয়ে চওড়া মার্জিন দেয়, ফিল হয় ধীরে।

KGST-USDT দেয় সবচেয়ে কম, ফিল হয় অবিরাম।

পুঁজি পদ্ধতির মধ্যে ভাগ করুন আর ফিল নিজে আসতে দিন।

assetux.com/strategies#liquidity"
global,30,P2P liquidity,,en,img/en/30.png,You never front a stranger,"The base side locks the moment an order is selected, and stays locked for 15 minutes.

Making a market on a P2P book does not mean extending credit on good faith.

assetux.com/strategies"
global,30,P2P liquidity,,es,img/es/30.png,Nunca adelantas a un extraño,"El lado base se bloquea en cuanto se selecciona la orden, y queda bloqueado 15 minutos.

Hacer mercado en un libro P2P no significa dar crédito de buena fe.

assetux.com/strategies"
global,30,P2P liquidity,,pt,img/pt/30.png,Você nunca adianta a estranho,"O lado base trava no momento em que a ordem é selecionada, e fica travado por 15 minutos.

Fazer mercado num livro P2P não significa dar crédito na boa-fé.

assetux.com/strategies"
global,30,P2P liquidity,,ar,img/ar/30.png,لا تُقدّم مالاً لمجهول أبداً,"الجانب الأساسي يُقفل لحظة اختيار الأمر، ويبقى مقفلاً ١٥ دقيقة.

صناعة السوق على دفتر P2P لا تعني منح ائتمان بحسن نية.

assetux.com/strategies"
global,30,P2P liquidity,,fa,img/fa/30.png,هرگز به غریبه پیش‌پرداخت نکن,"سمت پایه همان لحظه انتخاب سفارش قفل می‌شود و ۱۵ دقیقه قفل می‌ماند.

بازارگردانی روی دفتر P2P یعنی اعتبار دادن با حسن نیت نیست.

assetux.com/strategies"
global,30,P2P liquidity,,ur,img/ur/30.png,اجنبی کو پیشگی نہ دیں,"آرڈر منتخب ہوتے ہی بنیادی رخ لاک ہو جاتا ہے اور ۱۵ منٹ لاک رہتا ہے۔

‏P2P بُک پر مارکیٹ بنانے کا مطلب اعتماد پر اُدھار دینا نہیں۔

assetux.com/strategies"
global,30,P2P liquidity,,bn,img/bn/30.png,অচেনা কাউকে আগে দেবেন না,"অর্ডার নির্বাচিত হওয়ার মুহূর্তেই বেস দিক লক হয়, আর ১৫ মিনিট লক থাকে।

P2P বুকে মার্কেট মেকিং মানে বিশ্বাসে ধার দেওয়া নয়।

assetux.com/strategies"
country,et-1,ai<CUR> listed on P2P,Ethiopia,en,img/c/et-en/1.png,aiETB is live on the book,"aiETB is now trading on the AIST P2P book.

One aiETB tracks one ETB. Quote it against USDT or KGST, settle through escrow, and cash out through any payment method a maker in Ethiopia accepts.

assetux.com/market"
country,et-1,ai<CUR> listed on P2P,Ethiopia,am,img/c/et-am/1.png,aiETB በመዝገቡ ላይ ደርሷል,"aiETB አሁን በ AIST P2P መዝገብ ላይ እየተገበያየ ነው።

አንድ aiETB አንድ ETBን ይከተላል። ከUSDT ወይም KGST ጋር ዋጋ ስጡት፣ በኤስክሮው አጠናቅቁ፣ እና በኢትዮጵያ ያለ ማንኛውም ሰሪ በሚቀበለው የክፍያ መንገድ አውጡት።

assetux.com/market"
country,et-2,Trade on P2P,Ethiopia,en,img/c/et-en/2.png,Trade P2P in Ethiopia,"BTC, USDT on five networks, KGST, ETH, SOL and aiETB — all on one book.

Pay by bank transfer, card, mobile wallet or cash. The maker names the method; escrow holds the asset until the money lands.

assetux.com/market"
country,et-2,Trade on P2P,Ethiopia,am,img/c/et-am/2.png,በኢትዮጵያ P2P ንግድ,"BTC፣ በአምስት አውታረ መረቦች USDT፣ KGST፣ ETH፣ SOL እና aiETB — ሁሉም በአንድ መዝገብ ላይ።

በባንክ ዝውውር፣ በካርድ፣ በሞባይል ቦርሳ ወይም በጥሬ ገንዘብ ክፈሉ። ሰሪው መንገዱን ይወስናል፤ ገንዘቡ እስኪደርስ ኤስክሮው ንብረቱን ይይዛል።

assetux.com/market"
country,et-3,Simple spread arbitrage,Ethiopia,en,img/c/et-en/3.png,Simple spread arbitrage,"The same pair, the same minute, two makers who disagree on price.

On a thin book the best ask and the best bid cross more often than they should — the maker leaves a quote up and walks away.

assetux.com/strategies#spread"
country,et-3,Simple spread arbitrage,Ethiopia,am,img/c/et-am/3.png,ቀላል የልዩነት አርቢትራጅ,"ተመሳሳይ ጥንድ፣ ተመሳሳይ ደቂቃ፣ እና በዋጋ ያልተስማሙ ሁለት ሰሪዎች።

ቀጭን በሆነ መዝገብ ላይ ምርጡ ሽያጭ እና ምርጡ ግዢ ከሚገባው በላይ ይሻገራሉ፦ ሰሪው ዋጋውን ትቶ ይሄዳል።

assetux.com/strategies#spread"
country,et-4,What is P2P (edu),Ethiopia,en,img/c/et-en/4.png,What is P2P trading?,"You are not trading against an exchange. You are trading against another person.

You pick their order, escrow locks the asset, you pay them directly, escrow releases. Four steps, nobody holding your money in between.

assetux.com"
country,et-4,What is P2P (edu),Ethiopia,am,img/c/et-am/4.png,P2P ንግድ ምንድን ነው?,"ከምንዛሪ ቤት ጋር አይደለም የምትገበያዩት። ከሌላ ሰው ጋር ነው።

ትዕዛዙን ትመርጣላችሁ፣ ኤስክሮው ንብረቱን ይቆልፋል፣ በቀጥታ ትከፍላላችሁ፣ ኤስክሮው ይለቀዋል። አራት ደረጃዎች፣ በመሃል ገንዘባችሁን የሚይዝ የለም።

assetux.com"
country,et-5,Referral programme,Ethiopia,en,img/c/et-en/5.png,"Bring a trader, earn on it","Share your link. They trade on the book. You earn on it.

And the deeper Ethiopia gets, the tighter the spreads for everyone quoting there — including you.

assetux.com"
country,et-5,Referral programme,Ethiopia,am,img/c/et-am/5.png,ነጋዴ አምጡ፣ በእሱ ላይ ያግኙ,"አገናኛችሁን አጋሩ። እነሱ በመዝገቡ ላይ ይገበያያሉ። እናንተ በዚያ ላይ ታገኛላችሁ።

ኢትዮጵያ በጠለቀ ቁጥር፣ እዚያ ዋጋ ለሚሰጡ ሁሉ ልዩነቱ ይጠባል — እናንተንም ጨምሮ።

assetux.com"
country,et-6,Growing AI community,Ethiopia,en,img/c/et-en/6.png,Ethiopia runs AI compute,"Every GPU in Ethiopia that takes an AI job gets paid in aiETB.

That payout lands on a book where ETB is already quoted — so the loop from compute to local money closes without leaving the country.

assetux.com"
country,et-6,Growing AI community,Ethiopia,am,img/c/et-am/6.png,ኢትዮጵያ የAI ስሌት ታስኬዳለች,"በኢትዮጵያ ውስጥ የAI ሥራ የሚይዝ እያንዳንዱ GPU በaiETB ይከፈለዋል።

ያ ክፍያ ETB አስቀድሞ ዋጋ በሚያገኝበት መዝገብ ላይ ያርፋል — ስለዚህ ከስሌት ወደ አገር ውስጥ ገንዘብ ያለው ዑደት አገር ሳይለቅ ይዘጋል።

assetux.com"
country,et-7,Why P2P — no middleman,Ethiopia,en,img/c/et-en/7.png,No broker. No wire.,"P2P means you and the maker, directly.

No broker taking a cut. No correspondent bank deciding whether your transfer clears. Escrow does the trust, so neither side has to front the other.

assetux.com"
country,et-7,Why P2P — no middleman,Ethiopia,am,img/c/et-am/7.png,ደላላ የለም። ዝውውር የለም።,"P2P ማለት እናንተ እና ሰሪው፣ በቀጥታ ማለት ነው።

ድርሻ የሚወስድ ደላላ የለም። ዝውውራችሁ ያልፍ አያልፍ የሚወስን ተጓዳኝ ባንክ የለም። እምነቱን ኤስክሮው ይሸከመዋል፤ ስለዚህ ማንም ለሌላው አስቀድሞ አይሰጥም።

assetux.com"
country,et-8,Payment-method arbitrage,Ethiopia,en,img/c/et-en/8.png,Payment method arbitrage,"The same USDT is worth different ETB depending on how the money moves.

Cash is cheap to buy with. Instant bank transfer is expensive. The gap between the two methods is the trade.

assetux.com/strategies#payment"
country,et-8,Payment-method arbitrage,Ethiopia,am,img/c/et-am/8.png,የክፍያ መንገድ አርቢትራጅ,"ተመሳሳዩ USDT ገንዘቡ በሚንቀሳቀስበት መንገድ መሠረት የተለያየ ETB ያወጣል።

በጥሬ ገንዘብ መግዛት ርካሽ ነው። ፈጣን የባንክ ዝውውር ውድ ነው። በሁለቱ መንገዶች መካከል ያለው ልዩነት ንግዱ ነው።

assetux.com/strategies#payment"
country,bt-1,ai<CUR> listed on P2P,Bhutan,en,img/c/bt-en/1.png,aiBTN is live on the book,"aiBTN is now trading on the AIST P2P book.

One aiBTN tracks one BTN. Quote it against USDT or KGST, settle through escrow, and cash out through any payment method a maker in Bhutan accepts.

assetux.com/market"
country,bt-2,Trade on P2P,Bhutan,en,img/c/bt-en/2.png,Trade P2P in Bhutan,"BTC, USDT on five networks, KGST, ETH, SOL and aiBTN — all on one book.

Pay by bank transfer, card, mobile wallet or cash. The maker names the method; escrow holds the asset until the money lands.

assetux.com/market"
country,bt-3,Simple spread arbitrage,Bhutan,en,img/c/bt-en/3.png,Simple spread arbitrage,"The same pair, the same minute, two makers who disagree on price.

On a thin book the best ask and the best bid cross more often than they should — the maker leaves a quote up and walks away.

assetux.com/strategies#spread"
country,bt-4,What is P2P (edu),Bhutan,en,img/c/bt-en/4.png,What is P2P trading?,"You are not trading against an exchange. You are trading against another person.

You pick their order, escrow locks the asset, you pay them directly, escrow releases. Four steps, nobody holding your money in between.

assetux.com"
country,bt-5,Referral programme,Bhutan,en,img/c/bt-en/5.png,"Bring a trader, earn on it","Share your link. They trade on the book. You earn on it.

And the deeper Bhutan gets, the tighter the spreads for everyone quoting there — including you.

assetux.com"
country,bt-6,Growing AI community,Bhutan,en,img/c/bt-en/6.png,Bhutan runs AI compute,"Every GPU in Bhutan that takes an AI job gets paid in aiBTN.

That payout lands on a book where BTN is already quoted — so the loop from compute to local money closes without leaving the country.

assetux.com"
country,bt-7,Why P2P — no middleman,Bhutan,en,img/c/bt-en/7.png,No broker. No wire.,"P2P means you and the maker, directly.

No broker taking a cut. No correspondent bank deciding whether your transfer clears. Escrow does the trust, so neither side has to front the other.

assetux.com"
country,bt-8,Payment-method arbitrage,Bhutan,en,img/c/bt-en/8.png,Payment method arbitrage,"The same USDT is worth different BTN depending on how the money moves.

Cash is cheap to buy with. Instant bank transfer is expensive. The gap between the two methods is the trade.

assetux.com/strategies#payment"
country,kg-1,ai<CUR> listed on P2P,Kyrgyzstan,en,img/c/kg-en/1.png,KGST is live on the book,"KGST is now trading on the AIST P2P book.

One KGST tracks one KGS. Quote it against USDT or KGST, settle through escrow, and cash out through any payment method a maker in Kyrgyzstan accepts.

assetux.com/market"
country,kg-1,ai<CUR> listed on P2P,Kyrgyzstan,ky,img/c/kg-ky/1.png,KGST стаканда жеткиликтүү,"KGST эми AIST P2P стаканында сатылат.

Бир KGST бир KGSду ээрчийт. Аны USDT же KGST'ке карата котировкалаңыз, эскроу аркылуу эсептешиңиз жана Кыргызстандагы мейкер кабыл алган каалаган ыкма менен чыгарыңыз.

assetux.com/market"
country,kg-2,Trade on P2P,Kyrgyzstan,en,img/c/kg-en/2.png,Trade P2P in Kyrgyzstan,"BTC, USDT on five networks, KGST, ETH, SOL and KGST — all on one book.

Pay by bank transfer, card, mobile wallet or cash. The maker names the method; escrow holds the asset until the money lands.

assetux.com/market"
country,kg-2,Trade on P2P,Kyrgyzstan,ky,img/c/kg-ky/2.png,Кыргызстанда P2P соода,"BTC, беш тармактагы USDT, KGST, ETH, SOL жана KGST — баары бир стаканда.

Банк которуу, карт, мобилдик капчык же нак акча менен төлөңүз. Мейкер ыкманы коёт; акча келгенче эскроу активди кармайт.

assetux.com/market"
country,kg-3,Simple spread arbitrage,Kyrgyzstan,en,img/c/kg-en/3.png,Simple spread arbitrage,"The same pair, the same minute, two makers who disagree on price.

On a thin book the best ask and the best bid cross more often than they should — the maker leaves a quote up and walks away.

assetux.com/strategies#spread"
country,kg-3,Simple spread arbitrage,Kyrgyzstan,ky,img/c/kg-ky/3.png,Жөнөкөй спред арбитражы,"Бир жуп, бир мүнөт жана баада келишпеген эки мейкер.

Ичке стаканда эң жакшы аск менен бид тийиштүүсүнөн көп кесилишет: мейкер котировкасын калтырып кетет.

assetux.com/strategies#spread"
country,kg-4,What is P2P (edu),Kyrgyzstan,en,img/c/kg-en/4.png,What is P2P trading?,"You are not trading against an exchange. You are trading against another person.

You pick their order, escrow locks the asset, you pay them directly, escrow releases. Four steps, nobody holding your money in between.

assetux.com"
country,kg-4,What is P2P (edu),Kyrgyzstan,ky,img/c/kg-ky/4.png,P2P соода дегеним не?,"Сиз биржага каршы соода кылбайсыз. Сиз башка адам менен соода кыласыз.

Анын өтүнүчүн тандайсыз, эскроу активди бөгөттөйт, түз төлөйсүз, эскроу ачылат. Төрт кадам, ортодо акчаңызды кармаган эч ким жок.

assetux.com"
country,kg-5,Referral programme,Kyrgyzstan,en,img/c/kg-en/5.png,"Bring a trader, earn on it","Share your link. They trade on the book. You earn on it.

And the deeper Kyrgyzstan gets, the tighter the spreads for everyone quoting there — including you.

assetux.com"
country,kg-5,Referral programme,Kyrgyzstan,ky,img/c/kg-ky/5.png,"Соодагер алып кел, киреше ал","Шилтемеңизди бөлүшүңүз. Алар стаканда соода кылат. Сиз андан киреше аласыз.

Ал эми Кыргызстан канчалык терең болсо, ал жерде котировка койгондордун баарынын спреди ошончолук тар болот — сиздики да.

assetux.com"
country,kg-6,Growing AI community,Kyrgyzstan,en,img/c/kg-en/6.png,Kyrgyzstan runs AI compute,"Every GPU in Kyrgyzstan that takes an AI job gets paid in KGST.

That payout lands on a book where KGS is already quoted — so the loop from compute to local money closes without leaving the country.

assetux.com"
country,kg-6,Growing AI community,Kyrgyzstan,ky,img/c/kg-ky/6.png,Кыргызстан AI эсептөө жүргүзөт,"Кыргызстандагы AI тапшырма алган ар бир GPU KGST менен төлөм алат.

Ошол төлөм KGS мурдатан котировкаланган стаканга түшөт — ошентип эсептөөдөн жергиликтүү акчага чейинки айлампа өлкөдөн чыкпай жабылат.

assetux.com"
country,kg-7,Why P2P — no middleman,Kyrgyzstan,en,img/c/kg-en/7.png,No broker. No wire.,"P2P means you and the maker, directly.

No broker taking a cut. No correspondent bank deciding whether your transfer clears. Escrow does the trust, so neither side has to front the other.

assetux.com"
country,kg-7,Why P2P — no middleman,Kyrgyzstan,ky,img/c/kg-ky/7.png,Ортомчу жок. SWIFT жок.,"P2P деген сиз жана мейкер, түз.

Үлүш алган ортомчу жок. Которууңуз өтөбү же жокпу деп чечкен корреспондент банк жок. Ишенимди эскроу көтөрөт, ошондуктан эч ким экинчисине алдын ала бербейт.

assetux.com"
country,kg-8,Payment-method arbitrage,Kyrgyzstan,en,img/c/kg-en/8.png,Payment method arbitrage,"The same USDT is worth different KGS depending on how the money moves.

Cash is cheap to buy with. Instant bank transfer is expensive. The gap between the two methods is the trade.

assetux.com/strategies#payment"
country,kg-8,Payment-method arbitrage,Kyrgyzstan,ky,img/c/kg-ky/8.png,Төлөм ыкмасынын арбитражы,"Бир эле USDT акчанын кандай жылганына жараша ар башка KGS турат.

Нак акчага сатып алуу арзан. Тез банк которуусу кымбат. Эки ыкманын ортосундагы айырма — бул бүтүм.

assetux.com/strategies#payment"
country,ve-1,ai<CUR> listed on P2P,Venezuela,en,img/c/ve-en/1.png,aiVES is live on the book,"aiVES is now trading on the AIST P2P book.

One aiVES tracks one VES. Quote it against USDT or KGST, settle through escrow, and cash out through any payment method a maker in Venezuela accepts.

assetux.com/market"
country,ve-1,ai<CUR> listed on P2P,Venezuela,es,img/c/ve-es/1.png,aiVES ya está en el libro,"aiVES ya se opera en el libro P2P de AIST.

Un aiVES sigue a un VES. Cotízalo contra USDT o KGST, liquida por escrow y cobra con cualquier método que acepte un maker en Venezuela.

assetux.com/market"
country,ve-2,Trade on P2P,Venezuela,en,img/c/ve-en/2.png,Trade P2P in Venezuela,"BTC, USDT on five networks, KGST, ETH, SOL and aiVES — all on one book.

Pay by bank transfer, card, mobile wallet or cash. The maker names the method; escrow holds the asset until the money lands.

assetux.com/market"
country,ve-2,Trade on P2P,Venezuela,es,img/c/ve-es/2.png,Opera P2P en Venezuela,"BTC, USDT en cinco redes, KGST, ETH, SOL y aiVES — todo en un solo libro.

Paga por transferencia, tarjeta, billetera móvil o efectivo. El maker define el método; el escrow retiene el activo hasta que llega el dinero.

assetux.com/market"
country,ve-3,Simple spread arbitrage,Venezuela,en,img/c/ve-en/3.png,Simple spread arbitrage,"The same pair, the same minute, two makers who disagree on price.

On a thin book the best ask and the best bid cross more often than they should — the maker leaves a quote up and walks away.

assetux.com/strategies#spread"
country,ve-3,Simple spread arbitrage,Venezuela,es,img/c/ve-es/3.png,Arbitraje de spread simple,"El mismo par, el mismo minuto, dos makers que no coinciden en el precio.

En un libro delgado el mejor ask y el mejor bid se cruzan más de lo que deberían: el maker deja la orden puesta y se va.

assetux.com/strategies#spread"
country,ve-4,What is P2P (edu),Venezuela,en,img/c/ve-en/4.png,What is P2P trading?,"You are not trading against an exchange. You are trading against another person.

You pick their order, escrow locks the asset, you pay them directly, escrow releases. Four steps, nobody holding your money in between.

assetux.com"
country,ve-4,What is P2P (edu),Venezuela,es,img/c/ve-es/4.png,¿Qué es el trading P2P?,"No operas contra un exchange. Operas contra otra persona.

Eliges su orden, el escrow bloquea el activo, le pagas directo, el escrow libera. Cuatro pasos, sin nadie reteniendo tu dinero en el medio.

assetux.com"
country,ve-5,Referral programme,Venezuela,en,img/c/ve-en/5.png,"Bring a trader, earn on it","Share your link. They trade on the book. You earn on it.

And the deeper Venezuela gets, the tighter the spreads for everyone quoting there — including you.

assetux.com"
country,ve-5,Referral programme,Venezuela,es,img/c/ve-es/5.png,"Trae un trader, gana con eso","Comparte tu enlace. Ellos operan en el libro. Tú ganas con eso.

Y mientras más profundo se pone Venezuela, más ajustados quedan los spreads para todos los que cotizan ahí — incluido tú.

assetux.com"
country,ve-6,Growing AI community,Venezuela,en,img/c/ve-en/6.png,Venezuela runs AI compute,"Every GPU in Venezuela that takes an AI job gets paid in aiVES.

That payout lands on a book where VES is already quoted — so the loop from compute to local money closes without leaving the country.

assetux.com"
country,ve-6,Growing AI community,Venezuela,es,img/c/ve-es/6.png,Venezuela corre cómputo de IA,"Cada GPU en Venezuela que toma un trabajo de IA cobra en aiVES.

Ese pago cae en un libro donde el VES ya cotiza, así que el ciclo de cómputo a moneda local cierra sin salir del país.

assetux.com"
country,ve-7,Why P2P — no middleman,Venezuela,en,img/c/ve-en/7.png,No broker. No wire.,"P2P means you and the maker, directly.

No broker taking a cut. No correspondent bank deciding whether your transfer clears. Escrow does the trust, so neither side has to front the other.

assetux.com"
country,ve-7,Why P2P — no middleman,Venezuela,es,img/c/ve-es/7.png,Sin bróker. Sin giro.,"P2P significa tú y el maker, directo.

Sin bróker llevándose una parte. Sin banco corresponsal decidiendo si pasa tu transferencia. El escrow pone la confianza, así ninguno adelanta al otro.

assetux.com"
country,ve-8,Payment-method arbitrage,Venezuela,en,img/c/ve-en/8.png,Payment method arbitrage,"The same USDT is worth different VES depending on how the money moves.

Cash is cheap to buy with. Instant bank transfer is expensive. The gap between the two methods is the trade.

assetux.com/strategies#payment"
country,ve-8,Payment-method arbitrage,Venezuela,es,img/c/ve-es/8.png,Arbitraje de método de pago,"El mismo USDT vale distintos VES según cómo se mueva el dinero.

Comprar con efectivo sale barato. La transferencia instantánea sale cara. La diferencia entre los dos métodos es la operación.

assetux.com/strategies#payment"
country,py-1,ai<CUR> listed on P2P,Paraguay,en,img/c/py-en/1.png,aiPYG is live on the book,"aiPYG is now trading on the AIST P2P book.

One aiPYG tracks one PYG. Quote it against USDT or KGST, settle through escrow, and cash out through any payment method a maker in Paraguay accepts.

assetux.com/market"
country,py-1,ai<CUR> listed on P2P,Paraguay,es,img/c/py-es/1.png,aiPYG ya está en el libro,"aiPYG ya se opera en el libro P2P de AIST.

Un aiPYG sigue a un PYG. Cotízalo contra USDT o KGST, liquida por escrow y cobra con cualquier método que acepte un maker en Paraguay.

assetux.com/market"
country,py-2,Trade on P2P,Paraguay,en,img/c/py-en/2.png,Trade P2P in Paraguay,"BTC, USDT on five networks, KGST, ETH, SOL and aiPYG — all on one book.

Pay by bank transfer, card, mobile wallet or cash. The maker names the method; escrow holds the asset until the money lands.

assetux.com/market"
country,py-2,Trade on P2P,Paraguay,es,img/c/py-es/2.png,Opera P2P en Paraguay,"BTC, USDT en cinco redes, KGST, ETH, SOL y aiPYG — todo en un solo libro.

Paga por transferencia, tarjeta, billetera móvil o efectivo. El maker define el método; el escrow retiene el activo hasta que llega el dinero.

assetux.com/market"
country,py-3,Simple spread arbitrage,Paraguay,en,img/c/py-en/3.png,Simple spread arbitrage,"The same pair, the same minute, two makers who disagree on price.

On a thin book the best ask and the best bid cross more often than they should — the maker leaves a quote up and walks away.

assetux.com/strategies#spread"
country,py-3,Simple spread arbitrage,Paraguay,es,img/c/py-es/3.png,Arbitraje de spread simple,"El mismo par, el mismo minuto, dos makers que no coinciden en el precio.

En un libro delgado el mejor ask y el mejor bid se cruzan más de lo que deberían: el maker deja la orden puesta y se va.

assetux.com/strategies#spread"
country,py-4,What is P2P (edu),Paraguay,en,img/c/py-en/4.png,What is P2P trading?,"You are not trading against an exchange. You are trading against another person.

You pick their order, escrow locks the asset, you pay them directly, escrow releases. Four steps, nobody holding your money in between.

assetux.com"
country,py-4,What is P2P (edu),Paraguay,es,img/c/py-es/4.png,¿Qué es el trading P2P?,"No operas contra un exchange. Operas contra otra persona.

Eliges su orden, el escrow bloquea el activo, le pagas directo, el escrow libera. Cuatro pasos, sin nadie reteniendo tu dinero en el medio.

assetux.com"
country,py-5,Referral programme,Paraguay,en,img/c/py-en/5.png,"Bring a trader, earn on it","Share your link. They trade on the book. You earn on it.

And the deeper Paraguay gets, the tighter the spreads for everyone quoting there — including you.

assetux.com"
country,py-5,Referral programme,Paraguay,es,img/c/py-es/5.png,"Trae un trader, gana con eso","Comparte tu enlace. Ellos operan en el libro. Tú ganas con eso.

Y mientras más profundo se pone Paraguay, más ajustados quedan los spreads para todos los que cotizan ahí — incluido tú.

assetux.com"
country,py-6,Growing AI community,Paraguay,en,img/c/py-en/6.png,Paraguay runs AI compute,"Every GPU in Paraguay that takes an AI job gets paid in aiPYG.

That payout lands on a book where PYG is already quoted — so the loop from compute to local money closes without leaving the country.

assetux.com"
country,py-6,Growing AI community,Paraguay,es,img/c/py-es/6.png,Paraguay corre cómputo de IA,"Cada GPU en Paraguay que toma un trabajo de IA cobra en aiPYG.

Ese pago cae en un libro donde el PYG ya cotiza, así que el ciclo de cómputo a moneda local cierra sin salir del país.

assetux.com"
country,py-7,Why P2P — no middleman,Paraguay,en,img/c/py-en/7.png,No broker. No wire.,"P2P means you and the maker, directly.

No broker taking a cut. No correspondent bank deciding whether your transfer clears. Escrow does the trust, so neither side has to front the other.

assetux.com"
country,py-7,Why P2P — no middleman,Paraguay,es,img/c/py-es/7.png,Sin bróker. Sin giro.,"P2P significa tú y el maker, directo.

Sin bróker llevándose una parte. Sin banco corresponsal decidiendo si pasa tu transferencia. El escrow pone la confianza, así ninguno adelanta al otro.

assetux.com"
country,py-8,Payment-method arbitrage,Paraguay,en,img/c/py-en/8.png,Payment method arbitrage,"The same USDT is worth different PYG depending on how the money moves.

Cash is cheap to buy with. Instant bank transfer is expensive. The gap between the two methods is the trade.

assetux.com/strategies#payment"
country,py-8,Payment-method arbitrage,Paraguay,es,img/c/py-es/8.png,Arbitraje de método de pago,"El mismo USDT vale distintos PYG según cómo se mueva el dinero.

Comprar con efectivo sale barato. La transferencia instantánea sale cara. La diferencia entre los dos métodos es la operación.

assetux.com/strategies#payment"
country,bd-1,ai<CUR> listed on P2P,Bangladesh,en,img/c/bd-en/1.png,aiBDT is live on the book,"aiBDT is now trading on the AIST P2P book.

One aiBDT tracks one BDT. Quote it against USDT or KGST, settle through escrow, and cash out through any payment method a maker in Bangladesh accepts.

assetux.com/market"
country,bd-1,ai<CUR> listed on P2P,Bangladesh,bn,img/c/bd-bn/1.png,aiBDT এখন বুকে আছে,"aiBDT এখন AIST P2P বুকে ট্রেড হচ্ছে।

একটি aiBDT একটি BDT-কে অনুসরণ করে। USDT বা KGST-র বিপরীতে কোট করুন, এসক্রোতে সেটল করুন, আর বাংলাদেশ-র যেকোনো মেকার যে পদ্ধতি নেয় সেভাবে টাকা তুলুন।

assetux.com/market"
country,bd-2,Trade on P2P,Bangladesh,en,img/c/bd-en/2.png,Trade P2P in Bangladesh,"BTC, USDT on five networks, KGST, ETH, SOL and aiBDT — all on one book.

Pay by bank transfer, card, mobile wallet or cash. The maker names the method; escrow holds the asset until the money lands.

assetux.com/market"
country,bd-2,Trade on P2P,Bangladesh,bn,img/c/bd-bn/2.png,বাংলাদেশ-তে P2P ট্রেডিং,"BTC, পাঁচ নেটওয়ার্কে USDT, KGST, ETH, SOL আর aiBDT — সব এক বুকে।

ব্যাংক ট্রান্সফার, কার্ড, মোবাইল ওয়ালেট বা নগদে দিন। মেকার পদ্ধতি ঠিক করে; টাকা না পৌঁছানো পর্যন্ত এসক্রো অ্যাসেট ধরে রাখে।

assetux.com/market"
country,bd-3,Simple spread arbitrage,Bangladesh,en,img/c/bd-en/3.png,Simple spread arbitrage,"The same pair, the same minute, two makers who disagree on price.

On a thin book the best ask and the best bid cross more often than they should — the maker leaves a quote up and walks away.

assetux.com/strategies#spread"
country,bd-3,Simple spread arbitrage,Bangladesh,bn,img/c/bd-bn/3.png,সরল স্প্রেড আরবিট্রাজ,"একই পেয়ার, একই মিনিট, আর দুই মেকার যারা দামে একমত নয়।

পাতলা বুকে সেরা ask আর সেরা bid যতটা হওয়ার কথা তার চেয়ে বেশি ক্রস করে: মেকার দর রেখে চলে যায়।

assetux.com/strategies#spread"
country,bd-4,What is P2P (edu),Bangladesh,en,img/c/bd-en/4.png,What is P2P trading?,"You are not trading against an exchange. You are trading against another person.

You pick their order, escrow locks the asset, you pay them directly, escrow releases. Four steps, nobody holding your money in between.

assetux.com"
country,bd-4,What is P2P (edu),Bangladesh,bn,img/c/bd-bn/4.png,P2P ট্রেডিং কী?,"আপনি কোনো এক্সচেঞ্জের বিরুদ্ধে ট্রেড করছেন না। আপনি আরেকজন মানুষের সাথে ট্রেড করছেন।

তার অর্ডার বাছেন, এসক্রো অ্যাসেট লক করে, আপনি সরাসরি দেন, এসক্রো ছেড়ে দেয়। চার ধাপ, মাঝখানে কেউ আপনার টাকা ধরে রাখে না।

assetux.com"
country,bd-5,Referral programme,Bangladesh,en,img/c/bd-en/5.png,"Bring a trader, earn on it","Share your link. They trade on the book. You earn on it.

And the deeper Bangladesh gets, the tighter the spreads for everyone quoting there — including you.

assetux.com"
country,bd-5,Referral programme,Bangladesh,bn,img/c/bd-bn/5.png,"একজন ট্রেডার আনুন, আয় করুন","আপনার লিংক শেয়ার করুন। তারা বুকে ট্রেড করে। আপনি তাতে আয় করেন।

আর বাংলাদেশ যত গভীর হবে, ওখানে দর দেওয়া সবার স্প্রেড তত সরু হবে — আপনারটাও।

assetux.com"
country,bd-6,Growing AI community,Bangladesh,en,img/c/bd-en/6.png,Bangladesh runs AI compute,"Every GPU in Bangladesh that takes an AI job gets paid in aiBDT.

That payout lands on a book where BDT is already quoted — so the loop from compute to local money closes without leaving the country.

assetux.com"
country,bd-6,Growing AI community,Bangladesh,bn,img/c/bd-bn/6.png,বাংলাদেশ-তে AI কম্পিউট,"বাংলাদেশ-র যে GPU এআই কাজ নেয়, সে aiBDT-এ পেমেন্ট পায়।

সেই আয় এমন এক বুকে আসে যেখানে BDT আগে থেকেই কোট হয় — তাই কম্পিউট থেকে স্থানীয় টাকার চক্রটা দেশ ছাড়া ছাড়াই সম্পূর্ণ হয়।

assetux.com"
country,bd-7,Why P2P — no middleman,Bangladesh,en,img/c/bd-en/7.png,No broker. No wire.,"P2P means you and the maker, directly.

No broker taking a cut. No correspondent bank deciding whether your transfer clears. Escrow does the trust, so neither side has to front the other.

assetux.com"
country,bd-7,Why P2P — no middleman,Bangladesh,bn,img/c/bd-bn/7.png,দালাল নেই। ওয়্যার নেই।,"P2P মানে আপনি আর মেকার, সরাসরি।

কোনো দালাল ভাগ নেয় না। কোনো করেসপন্ডেন্ট ব্যাংক ঠিক করে না আপনার ট্রান্সফার যাবে কি না। বিশ্বাসটা এসক্রো দেয়, তাই কাউকে আগে দিতে হয় না।

assetux.com"
country,bd-8,Payment-method arbitrage,Bangladesh,en,img/c/bd-en/8.png,Payment method arbitrage,"The same USDT is worth different BDT depending on how the money moves.

Cash is cheap to buy with. Instant bank transfer is expensive. The gap between the two methods is the trade.

assetux.com/strategies#payment"
country,bd-8,Payment-method arbitrage,Bangladesh,bn,img/c/bd-bn/8.png,পেমেন্ট মেথড আরবিট্রাজ,"একই USDT-র দাম ভিন্ন BDT হয়, টাকা কীভাবে নড়ে তার উপর।

নগদে কেনা সস্তা। ইনস্ট্যান্ট ব্যাংক ট্রান্সফার দামি। দুই পদ্ধতির ফারাকটাই ট্রেড।

assetux.com/strategies#payment"
country,pk-1,ai<CUR> listed on P2P,Pakistan,en,img/c/pk-en/1.png,aiPKR is live on the book,"aiPKR is now trading on the AIST P2P book.

One aiPKR tracks one PKR. Quote it against USDT or KGST, settle through escrow, and cash out through any payment method a maker in Pakistan accepts.

assetux.com/market"
country,pk-1,ai<CUR> listed on P2P,Pakistan,ur,img/c/pk-ur/1.png,aiPKR بُک پر دستیاب ہے,"‏aiPKR اب AIST P2P بُک پر ٹریڈ ہو رہا ہے۔

ہر aiPKR ایک PKR کا پیچھا کرتا ہے۔ اسے USDT یا KGST کے مقابل قیمت دیں، ایسکرو سے سیٹل کریں، اور پاکستان کے کسی بھی میکر کے قبول کردہ طریقے سے رقم نکالیں۔

assetux.com/market"
country,pk-2,Trade on P2P,Pakistan,en,img/c/pk-en/2.png,Trade P2P in Pakistan,"BTC, USDT on five networks, KGST, ETH, SOL and aiPKR — all on one book.

Pay by bank transfer, card, mobile wallet or cash. The maker names the method; escrow holds the asset until the money lands.

assetux.com/market"
country,pk-2,Trade on P2P,Pakistan,ur,img/c/pk-ur/2.png,پاکستان میں ‏P2P ٹریڈنگ,"‏BTC، پانچ نیٹ ورکس پر USDT، KGST، ETH، SOL اور aiPKR — سب ایک ہی بُک پر۔

بینک ٹرانسفر، کارڈ، موبائل والٹ یا نقد سے ادائیگی کریں۔ میکر طریقہ طے کرتا ہے، ایسکرو رقم پہنچنے تک اثاثہ روکے رکھتا ہے۔

assetux.com/market"
country,pk-3,Simple spread arbitrage,Pakistan,en,img/c/pk-en/3.png,Simple spread arbitrage,"The same pair, the same minute, two makers who disagree on price.

On a thin book the best ask and the best bid cross more often than they should — the maker leaves a quote up and walks away.

assetux.com/strategies#spread"
country,pk-3,Simple spread arbitrage,Pakistan,ur,img/c/pk-ur/3.png,سادہ سپریڈ آربیٹراج,"ایک ہی جوڑا، ایک ہی منٹ، اور دو میکر جو قیمت پر متفق نہیں۔

پتلی بُک میں بہترین ask اور bid توقع سے زیادہ کراس ہوتے ہیں: میکر قیمت لگا کر چلا جاتا ہے۔

assetux.com/strategies#spread"
country,pk-4,What is P2P (edu),Pakistan,en,img/c/pk-en/4.png,What is P2P trading?,"You are not trading against an exchange. You are trading against another person.

You pick their order, escrow locks the asset, you pay them directly, escrow releases. Four steps, nobody holding your money in between.

assetux.com"
country,pk-4,What is P2P (edu),Pakistan,ur,img/c/pk-ur/4.png,‏P2P ٹریڈنگ کیا ہے؟,"آپ کسی ایکسچینج کے خلاف ٹریڈ نہیں کر رہے۔ آپ کسی دوسرے شخص سے ٹریڈ کر رہے ہیں۔

آپ اُس کا آرڈر چنتے ہیں، ایسکرو اثاثہ لاک کرتا ہے، آپ براہِ راست ادائیگی کرتے ہیں، ایسکرو کھل جاتا ہے۔ چار مرحلے، بیچ میں کوئی آپ کا پیسہ نہیں روکتا۔

assetux.com"
country,pk-5,Referral programme,Pakistan,en,img/c/pk-en/5.png,"Bring a trader, earn on it","Share your link. They trade on the book. You earn on it.

And the deeper Pakistan gets, the tighter the spreads for everyone quoting there — including you.

assetux.com"
country,pk-5,Referral programme,Pakistan,ur,img/c/pk-ur/5.png,ایک ٹریڈر لائیں، کمائیں,"اپنا لنک شیئر کریں۔ وہ بُک پر ٹریڈ کرتے ہیں۔ آپ اس پر کماتے ہیں۔

اور پاکستان جتنا گہرا ہوگا، وہاں قیمت لگانے والے سب کے سپریڈ اُتنے ہی تنگ ہوں گے — آپ سمیت۔

assetux.com"
country,pk-6,Growing AI community,Pakistan,en,img/c/pk-en/6.png,Pakistan runs AI compute,"Every GPU in Pakistan that takes an AI job gets paid in aiPKR.

That payout lands on a book where PKR is already quoted — so the loop from compute to local money closes without leaving the country.

assetux.com"
country,pk-6,Growing AI community,Pakistan,ur,img/c/pk-ur/6.png,پاکستان میں اے آئی کمپیوٹ,"پاکستان کا ہر GPU جو اے آئی کا کام لیتا ہے، aiPKR میں معاوضہ پاتا ہے۔

وہ کمائی اُس بُک پر آتی ہے جہاں PKR پہلے سے قیمت پاتا ہے — یوں کمپیوٹ سے مقامی پیسے تک کا چکر ملک سے باہر گئے بغیر مکمل ہوتا ہے۔

assetux.com"
country,pk-7,Why P2P — no middleman,Pakistan,en,img/c/pk-en/7.png,No broker. No wire.,"P2P means you and the maker, directly.

No broker taking a cut. No correspondent bank deciding whether your transfer clears. Escrow does the trust, so neither side has to front the other.

assetux.com"
country,pk-7,Why P2P — no middleman,Pakistan,ur,img/c/pk-ur/7.png,کوئی بروکر نہیں۔ کوئی وائر نہیں۔,"‏P2P کا مطلب ہے آپ اور میکر، براہِ راست۔

کوئی بروکر حصہ نہیں لیتا۔ کوئی کاریسپانڈنٹ بینک فیصلہ نہیں کرتا کہ آپ کی ٹرانسفر جائے گی یا نہیں۔ اعتماد ایسکرو دیتا ہے، سو کسی کو پیشگی نہیں دینا پڑتا۔

assetux.com"
country,pk-8,Payment-method arbitrage,Pakistan,en,img/c/pk-en/8.png,Payment method arbitrage,"The same USDT is worth different PKR depending on how the money moves.

Cash is cheap to buy with. Instant bank transfer is expensive. The gap between the two methods is the trade.

assetux.com/strategies#payment"
country,pk-8,Payment-method arbitrage,Pakistan,ur,img/c/pk-ur/8.png,ادائیگی کے طریقے کا فرق,"وہی USDT اِس بات پر مختلف PKR کا ہوتا ہے کہ پیسہ کیسے حرکت کرتا ہے۔

نقد سے خریدنا سستا ہے۔ فوری بینک ٹرانسفر مہنگی ہے۔ دونوں طریقوں کا فرق ہی ٹریڈ ہے۔

assetux.com/strategies#payment"
country,eg-1,ai<CUR> listed on P2P,Egypt,en,img/c/eg-en/1.png,aiEGP is live on the book,"aiEGP is now trading on the AIST P2P book.

One aiEGP tracks one EGP. Quote it against USDT or KGST, settle through escrow, and cash out through any payment method a maker in Egypt accepts.

assetux.com/market"
country,eg-1,ai<CUR> listed on P2P,Egypt,ar,img/c/eg-ar/1.png,aiEGP متاح على الدفتر,"‏aiEGP أصبح يُتداول على دفتر AIST P2P.

كل aiEGP يتتبع وحدة واحدة من EGP. سعّره مقابل USDT أو KGST، وسوِّ عبر الضمان، واسحب بأي طريقة دفع يقبلها صانع في مصر.

assetux.com/market"
country,eg-2,Trade on P2P,Egypt,en,img/c/eg-en/2.png,Trade P2P in Egypt,"BTC, USDT on five networks, KGST, ETH, SOL and aiEGP — all on one book.

Pay by bank transfer, card, mobile wallet or cash. The maker names the method; escrow holds the asset until the money lands.

assetux.com/market"
country,eg-2,Trade on P2P,Egypt,ar,img/c/eg-ar/2.png,تداول P2P في مصر,"‏BTC وUSDT على خمس شبكات وKGST وETH وSOL وaiEGP — كلها على دفتر واحد.

ادفع بحوالة بنكية أو بطاقة أو محفظة موبايل أو نقداً. الصانع يحدد الطريقة، والضمان يحتجز الأصل حتى وصول المال.

assetux.com/market"
country,eg-3,Simple spread arbitrage,Egypt,en,img/c/eg-en/3.png,Simple spread arbitrage,"The same pair, the same minute, two makers who disagree on price.

On a thin book the best ask and the best bid cross more often than they should — the maker leaves a quote up and walks away.

assetux.com/strategies#spread"
country,eg-3,Simple spread arbitrage,Egypt,ar,img/c/eg-ar/3.png,مراجحة الفارق البسيط,"نفس الزوج، نفس الدقيقة، وصانعان لا يتفقان على السعر.

في دفتر ضحل يتقاطع أفضل عرض بيع مع أفضل عرض شراء أكثر مما ينبغي: الصانع يترك سعره ويمضي.

assetux.com/strategies#spread"
country,eg-4,What is P2P (edu),Egypt,en,img/c/eg-en/4.png,What is P2P trading?,"You are not trading against an exchange. You are trading against another person.

You pick their order, escrow locks the asset, you pay them directly, escrow releases. Four steps, nobody holding your money in between.

assetux.com"
country,eg-4,What is P2P (edu),Egypt,ar,img/c/eg-ar/4.png,ما هو تداول ‏P2P؟,"أنت لا تتداول ضد منصة. أنت تتداول مع شخص آخر.

تختار أمره، يقفل الضمان الأصل، تدفع له مباشرة، ثم يُفرج الضمان. أربع خطوات، ولا أحد يمسك مالك في المنتصف.

assetux.com"
country,eg-5,Referral programme,Egypt,en,img/c/eg-en/5.png,"Bring a trader, earn on it","Share your link. They trade on the book. You earn on it.

And the deeper Egypt gets, the tighter the spreads for everyone quoting there — including you.

assetux.com"
country,eg-5,Referral programme,Egypt,ar,img/c/eg-ar/5.png,ادعُ متداولاً واربح,"شارك رابطك. هم يتداولون على الدفتر. وأنت تربح من ذلك.

وكلما ازداد عمق مصر، ضاقت الفوارق لكل من يسعّر هناك — وأنت منهم.

assetux.com"
country,eg-6,Growing AI community,Egypt,en,img/c/eg-en/6.png,Egypt runs AI compute,"Every GPU in Egypt that takes an AI job gets paid in aiEGP.

That payout lands on a book where EGP is already quoted — so the loop from compute to local money closes without leaving the country.

assetux.com"
country,eg-6,Growing AI community,Egypt,ar,img/c/eg-ar/6.png,مصر تشغّل حوسبة الذكاء,"كل كرت شاشة في مصر ينفّذ مهمة ذكاء اصطناعي يتقاضى بـaiEGP.

ذلك العائد يصل إلى دفتر يُسعَّر فيه EGP أصلاً، فتُغلق الدورة من الحوسبة إلى العملة المحلية دون مغادرة البلد.

assetux.com"
country,eg-7,Why P2P — no middleman,Egypt,en,img/c/eg-en/7.png,No broker. No wire.,"P2P means you and the maker, directly.

No broker taking a cut. No correspondent bank deciding whether your transfer clears. Escrow does the trust, so neither side has to front the other.

assetux.com"
country,eg-7,Why P2P — no middleman,Egypt,ar,img/c/eg-ar/7.png,بلا وسيط. بلا حوالة.,"‏P2P يعني أنت والصانع، مباشرة.

لا وسيط يأخذ حصة. لا بنك مراسل يقرر إن كانت حوالتك ستمر. الضمان يتكفل بالثقة، فلا يُقدّم أحد للآخر.

assetux.com"
country,eg-8,Payment-method arbitrage,Egypt,en,img/c/eg-en/8.png,Payment method arbitrage,"The same USDT is worth different EGP depending on how the money moves.

Cash is cheap to buy with. Instant bank transfer is expensive. The gap between the two methods is the trade.

assetux.com/strategies#payment"
country,eg-8,Payment-method arbitrage,Egypt,ar,img/c/eg-ar/8.png,مراجحة طرق الدفع,"نفس الـUSDT يساوي مبالغ مختلفة من EGP حسب طريقة تحرك المال.

الشراء نقداً رخيص. الحوالة الفورية غالية. الفرق بين الطريقتين هو الصفقة.

assetux.com/strategies#payment"
country,iq-1,ai<CUR> listed on P2P,Iraq,en,img/c/iq-en/1.png,aiIQD is live on the book,"aiIQD is now trading on the AIST P2P book.

One aiIQD tracks one IQD. Quote it against USDT or KGST, settle through escrow, and cash out through any payment method a maker in Iraq accepts.

assetux.com/market"
country,iq-1,ai<CUR> listed on P2P,Iraq,ar,img/c/iq-ar/1.png,aiIQD متاح على الدفتر,"‏aiIQD أصبح يُتداول على دفتر AIST P2P.

كل aiIQD يتتبع وحدة واحدة من IQD. سعّره مقابل USDT أو KGST، وسوِّ عبر الضمان، واسحب بأي طريقة دفع يقبلها صانع في العراق.

assetux.com/market"
country,iq-2,Trade on P2P,Iraq,en,img/c/iq-en/2.png,Trade P2P in Iraq,"BTC, USDT on five networks, KGST, ETH, SOL and aiIQD — all on one book.

Pay by bank transfer, card, mobile wallet or cash. The maker names the method; escrow holds the asset until the money lands.

assetux.com/market"
country,iq-2,Trade on P2P,Iraq,ar,img/c/iq-ar/2.png,تداول P2P في العراق,"‏BTC وUSDT على خمس شبكات وKGST وETH وSOL وaiIQD — كلها على دفتر واحد.

ادفع بحوالة بنكية أو بطاقة أو محفظة موبايل أو نقداً. الصانع يحدد الطريقة، والضمان يحتجز الأصل حتى وصول المال.

assetux.com/market"
country,iq-3,Simple spread arbitrage,Iraq,en,img/c/iq-en/3.png,Simple spread arbitrage,"The same pair, the same minute, two makers who disagree on price.

On a thin book the best ask and the best bid cross more often than they should — the maker leaves a quote up and walks away.

assetux.com/strategies#spread"
country,iq-3,Simple spread arbitrage,Iraq,ar,img/c/iq-ar/3.png,مراجحة الفارق البسيط,"نفس الزوج، نفس الدقيقة، وصانعان لا يتفقان على السعر.

في دفتر ضحل يتقاطع أفضل عرض بيع مع أفضل عرض شراء أكثر مما ينبغي: الصانع يترك سعره ويمضي.

assetux.com/strategies#spread"
country,iq-4,What is P2P (edu),Iraq,en,img/c/iq-en/4.png,What is P2P trading?,"You are not trading against an exchange. You are trading against another person.

You pick their order, escrow locks the asset, you pay them directly, escrow releases. Four steps, nobody holding your money in between.

assetux.com"
country,iq-4,What is P2P (edu),Iraq,ar,img/c/iq-ar/4.png,ما هو تداول ‏P2P؟,"أنت لا تتداول ضد منصة. أنت تتداول مع شخص آخر.

تختار أمره، يقفل الضمان الأصل، تدفع له مباشرة، ثم يُفرج الضمان. أربع خطوات، ولا أحد يمسك مالك في المنتصف.

assetux.com"
country,iq-5,Referral programme,Iraq,en,img/c/iq-en/5.png,"Bring a trader, earn on it","Share your link. They trade on the book. You earn on it.

And the deeper Iraq gets, the tighter the spreads for everyone quoting there — including you.

assetux.com"
country,iq-5,Referral programme,Iraq,ar,img/c/iq-ar/5.png,ادعُ متداولاً واربح,"شارك رابطك. هم يتداولون على الدفتر. وأنت تربح من ذلك.

وكلما ازداد عمق العراق، ضاقت الفوارق لكل من يسعّر هناك — وأنت منهم.

assetux.com"
country,iq-6,Growing AI community,Iraq,en,img/c/iq-en/6.png,Iraq runs AI compute,"Every GPU in Iraq that takes an AI job gets paid in aiIQD.

That payout lands on a book where IQD is already quoted — so the loop from compute to local money closes without leaving the country.

assetux.com"
country,iq-6,Growing AI community,Iraq,ar,img/c/iq-ar/6.png,العراق تشغّل حوسبة الذكاء,"كل كرت شاشة في العراق ينفّذ مهمة ذكاء اصطناعي يتقاضى بـaiIQD.

ذلك العائد يصل إلى دفتر يُسعَّر فيه IQD أصلاً، فتُغلق الدورة من الحوسبة إلى العملة المحلية دون مغادرة البلد.

assetux.com"
country,iq-7,Why P2P — no middleman,Iraq,en,img/c/iq-en/7.png,No broker. No wire.,"P2P means you and the maker, directly.

No broker taking a cut. No correspondent bank deciding whether your transfer clears. Escrow does the trust, so neither side has to front the other.

assetux.com"
country,iq-7,Why P2P — no middleman,Iraq,ar,img/c/iq-ar/7.png,بلا وسيط. بلا حوالة.,"‏P2P يعني أنت والصانع، مباشرة.

لا وسيط يأخذ حصة. لا بنك مراسل يقرر إن كانت حوالتك ستمر. الضمان يتكفل بالثقة، فلا يُقدّم أحد للآخر.

assetux.com"
country,iq-8,Payment-method arbitrage,Iraq,en,img/c/iq-en/8.png,Payment method arbitrage,"The same USDT is worth different IQD depending on how the money moves.

Cash is cheap to buy with. Instant bank transfer is expensive. The gap between the two methods is the trade.

assetux.com/strategies#payment"
country,iq-8,Payment-method arbitrage,Iraq,ar,img/c/iq-ar/8.png,مراجحة طرق الدفع,"نفس الـUSDT يساوي مبالغ مختلفة من IQD حسب طريقة تحرك المال.

الشراء نقداً رخيص. الحوالة الفورية غالية. الفرق بين الطريقتين هو الصفقة.

assetux.com/strategies#payment"
country,ao-1,ai<CUR> listed on P2P,Angola,en,img/c/ao-en/1.png,aiAOA is live on the book,"aiAOA is now trading on the AIST P2P book.

One aiAOA tracks one AOA. Quote it against USDT or KGST, settle through escrow, and cash out through any payment method a maker in Angola accepts.

assetux.com/market"
country,ao-1,ai<CUR> listed on P2P,Angola,pt,img/c/ao-pt/1.png,aiAOA já está no livro,"aiAOA já é negociado no livro P2P da AIST.

Um aiAOA acompanha um AOA. Cote contra USDT ou KGST, liquide via escrow e saque por qualquer método que um maker em Angola aceite.

assetux.com/market"
country,ao-2,Trade on P2P,Angola,en,img/c/ao-en/2.png,Trade P2P in Angola,"BTC, USDT on five networks, KGST, ETH, SOL and aiAOA — all on one book.

Pay by bank transfer, card, mobile wallet or cash. The maker names the method; escrow holds the asset until the money lands.

assetux.com/market"
country,ao-2,Trade on P2P,Angola,pt,img/c/ao-pt/2.png,Negocie P2P em Angola,"BTC, USDT em cinco redes, KGST, ETH, SOL e aiAOA — tudo num livro só.

Pague por transferência, cartão, carteira móvel ou dinheiro. O maker define o método; o escrow segura o ativo até o dinheiro cair.

assetux.com/market"
country,ao-3,Simple spread arbitrage,Angola,en,img/c/ao-en/3.png,Simple spread arbitrage,"The same pair, the same minute, two makers who disagree on price.

On a thin book the best ask and the best bid cross more often than they should — the maker leaves a quote up and walks away.

assetux.com/strategies#spread"
country,ao-3,Simple spread arbitrage,Angola,pt,img/c/ao-pt/3.png,Arbitragem de spread simples,"O mesmo par, o mesmo minuto, dois makers que discordam no preço.

Num livro raso o melhor ask e o melhor bid se cruzam mais do que deveriam: o maker deixa a ordem e vai embora.

assetux.com/strategies#spread"
country,ao-4,What is P2P (edu),Angola,en,img/c/ao-en/4.png,What is P2P trading?,"You are not trading against an exchange. You are trading against another person.

You pick their order, escrow locks the asset, you pay them directly, escrow releases. Four steps, nobody holding your money in between.

assetux.com"
country,ao-4,What is P2P (edu),Angola,pt,img/c/ao-pt/4.png,O que é trading P2P?,"Você não negocia contra uma exchange. Negocia contra outra pessoa.

Você escolhe a ordem dela, o escrow trava o ativo, você paga direto, o escrow libera. Quatro passos, ninguém segurando seu dinheiro no meio.

assetux.com"
country,ao-5,Referral programme,Angola,en,img/c/ao-en/5.png,"Bring a trader, earn on it","Share your link. They trade on the book. You earn on it.

And the deeper Angola gets, the tighter the spreads for everyone quoting there — including you.

assetux.com"
country,ao-5,Referral programme,Angola,pt,img/c/ao-pt/5.png,"Traga um trader, ganhe com isso","Compartilhe seu link. Eles negociam no livro. Você ganha com isso.

E quanto mais fundo Angola fica, mais apertados ficam os spreads para todo mundo que cota ali — inclusive você.

assetux.com"
country,ao-6,Growing AI community,Angola,en,img/c/ao-en/6.png,Angola runs AI compute,"Every GPU in Angola that takes an AI job gets paid in aiAOA.

That payout lands on a book where AOA is already quoted — so the loop from compute to local money closes without leaving the country.

assetux.com"
country,ao-6,Growing AI community,Angola,pt,img/c/ao-pt/6.png,Angola roda computação de IA,"Cada GPU em Angola que pega uma tarefa de IA recebe em aiAOA.

Esse pagamento cai num livro onde o AOA já é cotado — então o ciclo de computação até moeda local fecha sem sair do país.

assetux.com"
country,ao-7,Why P2P — no middleman,Angola,en,img/c/ao-en/7.png,No broker. No wire.,"P2P means you and the maker, directly.

No broker taking a cut. No correspondent bank deciding whether your transfer clears. Escrow does the trust, so neither side has to front the other.

assetux.com"
country,ao-7,Why P2P — no middleman,Angola,pt,img/c/ao-pt/7.png,Sem corretor. Sem remessa.,"P2P significa você e o maker, direto.

Sem corretor levando uma fatia. Sem banco correspondente decidindo se sua transferência passa. O escrow faz a confiança, então nenhum dos dois adianta nada.

assetux.com"
country,ao-8,Payment-method arbitrage,Angola,en,img/c/ao-en/8.png,Payment method arbitrage,"The same USDT is worth different AOA depending on how the money moves.

Cash is cheap to buy with. Instant bank transfer is expensive. The gap between the two methods is the trade.

assetux.com/strategies#payment"
country,ao-8,Payment-method arbitrage,Angola,pt,img/c/ao-pt/8.png,Arbitragem de método de pagamento,"O mesmo USDT vale valores diferentes em AOA conforme o dinheiro se move.

Comprar em dinheiro sai barato. Transferência instantânea sai caro. A diferença entre os dois métodos é a operação.

assetux.com/strategies#payment"
country,cu-1,ai<CUR> listed on P2P,Cuba,en,img/c/cu-en/1.png,aiCUP is live on the book,"aiCUP is now trading on the AIST P2P book.

One aiCUP tracks one CUP. Quote it against USDT or KGST, settle through escrow, and cash out through any payment method a maker in Cuba accepts.

assetux.com/market"
country,cu-1,ai<CUR> listed on P2P,Cuba,es,img/c/cu-es/1.png,aiCUP ya está en el libro,"aiCUP ya se opera en el libro P2P de AIST.

Un aiCUP sigue a un CUP. Cotízalo contra USDT o KGST, liquida por escrow y cobra con cualquier método que acepte un maker en Cuba.

assetux.com/market"
country,cu-2,Trade on P2P,Cuba,en,img/c/cu-en/2.png,Trade P2P in Cuba,"BTC, USDT on five networks, KGST, ETH, SOL and aiCUP — all on one book.

Pay by bank transfer, card, mobile wallet or cash. The maker names the method; escrow holds the asset until the money lands.

assetux.com/market"
country,cu-2,Trade on P2P,Cuba,es,img/c/cu-es/2.png,Opera P2P en Cuba,"BTC, USDT en cinco redes, KGST, ETH, SOL y aiCUP — todo en un solo libro.

Paga por transferencia, tarjeta, billetera móvil o efectivo. El maker define el método; el escrow retiene el activo hasta que llega el dinero.

assetux.com/market"
country,cu-3,Simple spread arbitrage,Cuba,en,img/c/cu-en/3.png,Simple spread arbitrage,"The same pair, the same minute, two makers who disagree on price.

On a thin book the best ask and the best bid cross more often than they should — the maker leaves a quote up and walks away.

assetux.com/strategies#spread"
country,cu-3,Simple spread arbitrage,Cuba,es,img/c/cu-es/3.png,Arbitraje de spread simple,"El mismo par, el mismo minuto, dos makers que no coinciden en el precio.

En un libro delgado el mejor ask y el mejor bid se cruzan más de lo que deberían: el maker deja la orden puesta y se va.

assetux.com/strategies#spread"
country,cu-4,What is P2P (edu),Cuba,en,img/c/cu-en/4.png,What is P2P trading?,"You are not trading against an exchange. You are trading against another person.

You pick their order, escrow locks the asset, you pay them directly, escrow releases. Four steps, nobody holding your money in between.

assetux.com"
country,cu-4,What is P2P (edu),Cuba,es,img/c/cu-es/4.png,¿Qué es el trading P2P?,"No operas contra un exchange. Operas contra otra persona.

Eliges su orden, el escrow bloquea el activo, le pagas directo, el escrow libera. Cuatro pasos, sin nadie reteniendo tu dinero en el medio.

assetux.com"
country,cu-5,Referral programme,Cuba,en,img/c/cu-en/5.png,"Bring a trader, earn on it","Share your link. They trade on the book. You earn on it.

And the deeper Cuba gets, the tighter the spreads for everyone quoting there — including you.

assetux.com"
country,cu-5,Referral programme,Cuba,es,img/c/cu-es/5.png,"Trae un trader, gana con eso","Comparte tu enlace. Ellos operan en el libro. Tú ganas con eso.

Y mientras más profundo se pone Cuba, más ajustados quedan los spreads para todos los que cotizan ahí — incluido tú.

assetux.com"
country,cu-6,Growing AI community,Cuba,en,img/c/cu-en/6.png,Cuba runs AI compute,"Every GPU in Cuba that takes an AI job gets paid in aiCUP.

That payout lands on a book where CUP is already quoted — so the loop from compute to local money closes without leaving the country.

assetux.com"
country,cu-6,Growing AI community,Cuba,es,img/c/cu-es/6.png,Cuba corre cómputo de IA,"Cada GPU en Cuba que toma un trabajo de IA cobra en aiCUP.

Ese pago cae en un libro donde el CUP ya cotiza, así que el ciclo de cómputo a moneda local cierra sin salir del país.

assetux.com"
country,cu-7,Why P2P — no middleman,Cuba,en,img/c/cu-en/7.png,No broker. No wire.,"P2P means you and the maker, directly.

No broker taking a cut. No correspondent bank deciding whether your transfer clears. Escrow does the trust, so neither side has to front the other.

assetux.com"
country,cu-7,Why P2P — no middleman,Cuba,es,img/c/cu-es/7.png,Sin bróker. Sin giro.,"P2P significa tú y el maker, directo.

Sin bróker llevándose una parte. Sin banco corresponsal decidiendo si pasa tu transferencia. El escrow pone la confianza, así ninguno adelanta al otro.

assetux.com"
country,cu-8,Payment-method arbitrage,Cuba,en,img/c/cu-en/8.png,Payment method arbitrage,"The same USDT is worth different CUP depending on how the money moves.

Cash is cheap to buy with. Instant bank transfer is expensive. The gap between the two methods is the trade.

assetux.com/strategies#payment"
country,cu-8,Payment-method arbitrage,Cuba,es,img/c/cu-es/8.png,Arbitraje de método de pago,"El mismo USDT vale distintos CUP según cómo se mueva el dinero.

Comprar con efectivo sale barato. La transferencia instantánea sale cara. La diferencia entre los dos métodos es la operación.

assetux.com/strategies#payment"
country,ly-1,ai<CUR> listed on P2P,Libya,en,img/c/ly-en/1.png,aiLYD is live on the book,"aiLYD is now trading on the AIST P2P book.

One aiLYD tracks one LYD. Quote it against USDT or KGST, settle through escrow, and cash out through any payment method a maker in Libya accepts.

assetux.com/market"
country,ly-1,ai<CUR> listed on P2P,Libya,ar,img/c/ly-ar/1.png,aiLYD متاح على الدفتر,"‏aiLYD أصبح يُتداول على دفتر AIST P2P.

كل aiLYD يتتبع وحدة واحدة من LYD. سعّره مقابل USDT أو KGST، وسوِّ عبر الضمان، واسحب بأي طريقة دفع يقبلها صانع في ليبيا.

assetux.com/market"
country,ly-2,Trade on P2P,Libya,en,img/c/ly-en/2.png,Trade P2P in Libya,"BTC, USDT on five networks, KGST, ETH, SOL and aiLYD — all on one book.

Pay by bank transfer, card, mobile wallet or cash. The maker names the method; escrow holds the asset until the money lands.

assetux.com/market"
country,ly-2,Trade on P2P,Libya,ar,img/c/ly-ar/2.png,تداول P2P في ليبيا,"‏BTC وUSDT على خمس شبكات وKGST وETH وSOL وaiLYD — كلها على دفتر واحد.

ادفع بحوالة بنكية أو بطاقة أو محفظة موبايل أو نقداً. الصانع يحدد الطريقة، والضمان يحتجز الأصل حتى وصول المال.

assetux.com/market"
country,ly-3,Simple spread arbitrage,Libya,en,img/c/ly-en/3.png,Simple spread arbitrage,"The same pair, the same minute, two makers who disagree on price.

On a thin book the best ask and the best bid cross more often than they should — the maker leaves a quote up and walks away.

assetux.com/strategies#spread"
country,ly-3,Simple spread arbitrage,Libya,ar,img/c/ly-ar/3.png,مراجحة الفارق البسيط,"نفس الزوج، نفس الدقيقة، وصانعان لا يتفقان على السعر.

في دفتر ضحل يتقاطع أفضل عرض بيع مع أفضل عرض شراء أكثر مما ينبغي: الصانع يترك سعره ويمضي.

assetux.com/strategies#spread"
country,ly-4,What is P2P (edu),Libya,en,img/c/ly-en/4.png,What is P2P trading?,"You are not trading against an exchange. You are trading against another person.

You pick their order, escrow locks the asset, you pay them directly, escrow releases. Four steps, nobody holding your money in between.

assetux.com"
country,ly-4,What is P2P (edu),Libya,ar,img/c/ly-ar/4.png,ما هو تداول ‏P2P؟,"أنت لا تتداول ضد منصة. أنت تتداول مع شخص آخر.

تختار أمره، يقفل الضمان الأصل، تدفع له مباشرة، ثم يُفرج الضمان. أربع خطوات، ولا أحد يمسك مالك في المنتصف.

assetux.com"
country,ly-5,Referral programme,Libya,en,img/c/ly-en/5.png,"Bring a trader, earn on it","Share your link. They trade on the book. You earn on it.

And the deeper Libya gets, the tighter the spreads for everyone quoting there — including you.

assetux.com"
country,ly-5,Referral programme,Libya,ar,img/c/ly-ar/5.png,ادعُ متداولاً واربح,"شارك رابطك. هم يتداولون على الدفتر. وأنت تربح من ذلك.

وكلما ازداد عمق ليبيا، ضاقت الفوارق لكل من يسعّر هناك — وأنت منهم.

assetux.com"
country,ly-6,Growing AI community,Libya,en,img/c/ly-en/6.png,Libya runs AI compute,"Every GPU in Libya that takes an AI job gets paid in aiLYD.

That payout lands on a book where LYD is already quoted — so the loop from compute to local money closes without leaving the country.

assetux.com"
country,ly-6,Growing AI community,Libya,ar,img/c/ly-ar/6.png,ليبيا تشغّل حوسبة الذكاء,"كل كرت شاشة في ليبيا ينفّذ مهمة ذكاء اصطناعي يتقاضى بـaiLYD.

ذلك العائد يصل إلى دفتر يُسعَّر فيه LYD أصلاً، فتُغلق الدورة من الحوسبة إلى العملة المحلية دون مغادرة البلد.

assetux.com"
country,ly-7,Why P2P — no middleman,Libya,en,img/c/ly-en/7.png,No broker. No wire.,"P2P means you and the maker, directly.

No broker taking a cut. No correspondent bank deciding whether your transfer clears. Escrow does the trust, so neither side has to front the other.

assetux.com"
country,ly-7,Why P2P — no middleman,Libya,ar,img/c/ly-ar/7.png,بلا وسيط. بلا حوالة.,"‏P2P يعني أنت والصانع، مباشرة.

لا وسيط يأخذ حصة. لا بنك مراسل يقرر إن كانت حوالتك ستمر. الضمان يتكفل بالثقة، فلا يُقدّم أحد للآخر.

assetux.com"
country,ly-8,Payment-method arbitrage,Libya,en,img/c/ly-en/8.png,Payment method arbitrage,"The same USDT is worth different LYD depending on how the money moves.

Cash is cheap to buy with. Instant bank transfer is expensive. The gap between the two methods is the trade.

assetux.com/strategies#payment"
country,ly-8,Payment-method arbitrage,Libya,ar,img/c/ly-ar/8.png,مراجحة طرق الدفع,"نفس الـUSDT يساوي مبالغ مختلفة من LYD حسب طريقة تحرك المال.

الشراء نقداً رخيص. الحوالة الفورية غالية. الفرق بين الطريقتين هو الصفقة.

assetux.com/strategies#payment"
country,sd-1,ai<CUR> listed on P2P,Sudan,en,img/c/sd-en/1.png,aiSDG is live on the book,"aiSDG is now trading on the AIST P2P book.

One aiSDG tracks one SDG. Quote it against USDT or KGST, settle through escrow, and cash out through any payment method a maker in Sudan accepts.

assetux.com/market"
country,sd-1,ai<CUR> listed on P2P,Sudan,ar,img/c/sd-ar/1.png,aiSDG متاح على الدفتر,"‏aiSDG أصبح يُتداول على دفتر AIST P2P.

كل aiSDG يتتبع وحدة واحدة من SDG. سعّره مقابل USDT أو KGST، وسوِّ عبر الضمان، واسحب بأي طريقة دفع يقبلها صانع في السودان.

assetux.com/market"
country,sd-2,Trade on P2P,Sudan,en,img/c/sd-en/2.png,Trade P2P in Sudan,"BTC, USDT on five networks, KGST, ETH, SOL and aiSDG — all on one book.

Pay by bank transfer, card, mobile wallet or cash. The maker names the method; escrow holds the asset until the money lands.

assetux.com/market"
country,sd-2,Trade on P2P,Sudan,ar,img/c/sd-ar/2.png,تداول P2P في السودان,"‏BTC وUSDT على خمس شبكات وKGST وETH وSOL وaiSDG — كلها على دفتر واحد.

ادفع بحوالة بنكية أو بطاقة أو محفظة موبايل أو نقداً. الصانع يحدد الطريقة، والضمان يحتجز الأصل حتى وصول المال.

assetux.com/market"
country,sd-3,Simple spread arbitrage,Sudan,en,img/c/sd-en/3.png,Simple spread arbitrage,"The same pair, the same minute, two makers who disagree on price.

On a thin book the best ask and the best bid cross more often than they should — the maker leaves a quote up and walks away.

assetux.com/strategies#spread"
country,sd-3,Simple spread arbitrage,Sudan,ar,img/c/sd-ar/3.png,مراجحة الفارق البسيط,"نفس الزوج، نفس الدقيقة، وصانعان لا يتفقان على السعر.

في دفتر ضحل يتقاطع أفضل عرض بيع مع أفضل عرض شراء أكثر مما ينبغي: الصانع يترك سعره ويمضي.

assetux.com/strategies#spread"
country,sd-4,What is P2P (edu),Sudan,en,img/c/sd-en/4.png,What is P2P trading?,"You are not trading against an exchange. You are trading against another person.

You pick their order, escrow locks the asset, you pay them directly, escrow releases. Four steps, nobody holding your money in between.

assetux.com"
country,sd-4,What is P2P (edu),Sudan,ar,img/c/sd-ar/4.png,ما هو تداول ‏P2P؟,"أنت لا تتداول ضد منصة. أنت تتداول مع شخص آخر.

تختار أمره، يقفل الضمان الأصل، تدفع له مباشرة، ثم يُفرج الضمان. أربع خطوات، ولا أحد يمسك مالك في المنتصف.

assetux.com"
country,sd-5,Referral programme,Sudan,en,img/c/sd-en/5.png,"Bring a trader, earn on it","Share your link. They trade on the book. You earn on it.

And the deeper Sudan gets, the tighter the spreads for everyone quoting there — including you.

assetux.com"
country,sd-5,Referral programme,Sudan,ar,img/c/sd-ar/5.png,ادعُ متداولاً واربح,"شارك رابطك. هم يتداولون على الدفتر. وأنت تربح من ذلك.

وكلما ازداد عمق السودان، ضاقت الفوارق لكل من يسعّر هناك — وأنت منهم.

assetux.com"
country,sd-6,Growing AI community,Sudan,en,img/c/sd-en/6.png,Sudan runs AI compute,"Every GPU in Sudan that takes an AI job gets paid in aiSDG.

That payout lands on a book where SDG is already quoted — so the loop from compute to local money closes without leaving the country.

assetux.com"
country,sd-6,Growing AI community,Sudan,ar,img/c/sd-ar/6.png,السودان تشغّل حوسبة الذكاء,"كل كرت شاشة في السودان ينفّذ مهمة ذكاء اصطناعي يتقاضى بـaiSDG.

ذلك العائد يصل إلى دفتر يُسعَّر فيه SDG أصلاً، فتُغلق الدورة من الحوسبة إلى العملة المحلية دون مغادرة البلد.

assetux.com"
country,sd-7,Why P2P — no middleman,Sudan,en,img/c/sd-en/7.png,No broker. No wire.,"P2P means you and the maker, directly.

No broker taking a cut. No correspondent bank deciding whether your transfer clears. Escrow does the trust, so neither side has to front the other.

assetux.com"
country,sd-7,Why P2P — no middleman,Sudan,ar,img/c/sd-ar/7.png,بلا وسيط. بلا حوالة.,"‏P2P يعني أنت والصانع، مباشرة.

لا وسيط يأخذ حصة. لا بنك مراسل يقرر إن كانت حوالتك ستمر. الضمان يتكفل بالثقة، فلا يُقدّم أحد للآخر.

assetux.com"
country,sd-8,Payment-method arbitrage,Sudan,en,img/c/sd-en/8.png,Payment method arbitrage,"The same USDT is worth different SDG depending on how the money moves.

Cash is cheap to buy with. Instant bank transfer is expensive. The gap between the two methods is the trade.

assetux.com/strategies#payment"
country,sd-8,Payment-method arbitrage,Sudan,ar,img/c/sd-ar/8.png,مراجحة طرق الدفع,"نفس الـUSDT يساوي مبالغ مختلفة من SDG حسب طريقة تحرك المال.

الشراء نقداً رخيص. الحوالة الفورية غالية. الفرق بين الطريقتين هو الصفقة.

assetux.com/strategies#payment"
country,ir-1,ai<CUR> listed on P2P,Iran,en,img/c/ir-en/1.png,aiIRR is live on the book,"aiIRR is now trading on the AIST P2P book.

One aiIRR tracks one IRR. Quote it against USDT or KGST, settle through escrow, and cash out through any payment method a maker in Iran accepts.

assetux.com/market"
country,ir-1,ai<CUR> listed on P2P,Iran,fa,img/c/ir-fa/1.png,aiIRR روی دفتر آمد,"‏aiIRR حالا روی دفتر AIST P2P معامله می‌شود.

هر aiIRR یک واحد IRR را دنبال می‌کند. آن را در برابر USDT یا KGST قیمت بگذارید، با امانی تسویه کنید، و با هر روش پرداختی که یک میکر در ایران قبول دارد برداشت کنید.

assetux.com/market"
country,ir-2,Trade on P2P,Iran,en,img/c/ir-en/2.png,Trade P2P in Iran,"BTC, USDT on five networks, KGST, ETH, SOL and aiIRR — all on one book.

Pay by bank transfer, card, mobile wallet or cash. The maker names the method; escrow holds the asset until the money lands.

assetux.com/market"
country,ir-2,Trade on P2P,Iran,fa,img/c/ir-fa/2.png,معامله P2P در ایران,"‏BTC، USDT روی پنج شبکه، KGST، ETH، SOL و aiIRR — همه روی یک دفتر.

با حواله بانکی، کارت، کیف پول موبایل یا نقدی بپردازید. میکر روش را تعیین می‌کند؛ امانی دارایی را تا رسیدن پول نگه می‌دارد.

assetux.com/market"
country,ir-3,Simple spread arbitrage,Iran,en,img/c/ir-en/3.png,Simple spread arbitrage,"The same pair, the same minute, two makers who disagree on price.

On a thin book the best ask and the best bid cross more often than they should — the maker leaves a quote up and walks away.

assetux.com/strategies#spread"
country,ir-3,Simple spread arbitrage,Iran,fa,img/c/ir-fa/3.png,آربیتراژ ساده اسپرد,"همان جفت، همان دقیقه، و دو میکر که سر قیمت توافق ندارند.

در دفتر کم‌عمق بهترین فروش و بهترین خرید بیشتر از حد انتظار همدیگر را قطع می‌کنند: میکر سفارش را می‌گذارد و می‌رود.

assetux.com/strategies#spread"
country,ir-4,What is P2P (edu),Iran,en,img/c/ir-en/4.png,What is P2P trading?,"You are not trading against an exchange. You are trading against another person.

You pick their order, escrow locks the asset, you pay them directly, escrow releases. Four steps, nobody holding your money in between.

assetux.com"
country,ir-4,What is P2P (edu),Iran,fa,img/c/ir-fa/4.png,معامله P2P یعنی چه؟,"شما در برابر یک صرافی معامله نمی‌کنید. با یک آدم دیگر معامله می‌کنید.

سفارشش را انتخاب می‌کنید، امانی دارایی را قفل می‌کند، مستقیم به او می‌پردازید، امانی آزاد می‌کند. چهار گام، بدون اینکه کسی وسط، پول شما را نگه دارد.

assetux.com"
country,ir-5,Referral programme,Iran,en,img/c/ir-en/5.png,"Bring a trader, earn on it","Share your link. They trade on the book. You earn on it.

And the deeper Iran gets, the tighter the spreads for everyone quoting there — including you.

assetux.com"
country,ir-5,Referral programme,Iran,fa,img/c/ir-fa/5.png,یک معامله‌گر بیاور، سود ببر,"لینکتان را بدهید. آن‌ها روی دفتر معامله می‌کنند. شما از آن سود می‌برید.

و هرچه ایران عمیق‌تر شود، اسپردها برای همه کسانی که آنجا قیمت می‌دهند باریک‌تر می‌شود — از جمله خودتان.

assetux.com"
country,ir-6,Growing AI community,Iran,en,img/c/ir-en/6.png,Iran runs AI compute,"Every GPU in Iran that takes an AI job gets paid in aiIRR.

That payout lands on a book where IRR is already quoted — so the loop from compute to local money closes without leaving the country.

assetux.com"
country,ir-6,Growing AI community,Iran,fa,img/c/ir-fa/6.png,ایران محاسبات هوش مصنوعی,"هر کارت گرافیکی در ایران که کار هوش مصنوعی می‌گیرد، با aiIRR پول می‌گیرد.

آن درآمد روی دفتری می‌نشیند که IRR از قبل در آن قیمت می‌خورد — پس حلقه از محاسبات تا پول محلی، بدون خروج از کشور بسته می‌شود.

assetux.com"
country,ir-7,Why P2P — no middleman,Iran,en,img/c/ir-en/7.png,No broker. No wire.,"P2P means you and the maker, directly.

No broker taking a cut. No correspondent bank deciding whether your transfer clears. Escrow does the trust, so neither side has to front the other.

assetux.com"
country,ir-7,Why P2P — no middleman,Iran,fa,img/c/ir-fa/7.png,بدون واسطه. بدون حواله.,"‏P2P یعنی شما و میکر، مستقیم.

نه واسطه‌ای که سهم بردارد. نه بانک کارگزاری که تصمیم بگیرد حواله‌تان رد می‌شود یا نه. امانی نقش اعتماد را بازی می‌کند تا هیچ‌کس به دیگری پیش‌پرداخت ندهد.

assetux.com"
country,ir-8,Payment-method arbitrage,Iran,en,img/c/ir-en/8.png,Payment method arbitrage,"The same USDT is worth different IRR depending on how the money moves.

Cash is cheap to buy with. Instant bank transfer is expensive. The gap between the two methods is the trade.

assetux.com/strategies#payment"
country,ir-8,Payment-method arbitrage,Iran,fa,img/c/ir-fa/8.png,آربیتراژ روش پرداخت,"همان USDT بسته به نحوه حرکت پول، IRR متفاوتی می‌ارزد.

خرید نقدی ارزان است. حواله فوری گران است. فاصله بین این دو روش، همان معامله است.

assetux.com/strategies#payment"
